id,org_unit,indicator,period,deaths
8182,Baringo County,Total Perinatal Deaths,May 2025,31
8183,Baringo County,Total Perinatal Deaths,June 2025,30
8184,Baringo County,Total Perinatal Deaths,July 2025,24
8185,Baringo County,Total Perinatal Deaths,August 2025,22
8186,Baringo County,Total Perinatal Deaths,September 2025,26
8187,Baringo County,Total Perinatal Deaths,October 2025,30
8188,Baringo County,Total Perinatal Deaths,November 2025,35
8189,Baringo County,Total Perinatal Deaths,December 2025,29
8190,Baringo County,Total Perinatal Deaths,January 2026,28
8191,Baringo County,Total Perinatal Deaths,February 2026,18
8192,Baringo County,Total Perinatal Deaths,March 2026,40
8193,Baringo County,Total Perinatal Deaths,April 2026,27
8194,Bomet County,Total Perinatal Deaths,May 2025,29
8195,Bomet County,Total Perinatal Deaths,June 2025,34
8196,Bomet County,Total Perinatal Deaths,July 2025,39
8197,Bomet County,Total Perinatal Deaths,August 2025,24
8198,Bomet County,Total Perinatal Deaths,September 2025,43
8199,Bomet County,Total Perinatal Deaths,October 2025,43
8200,Bomet County,Total Perinatal Deaths,November 2025,27
8201,Bomet County,Total Perinatal Deaths,December 2025,35
8202,Bomet County,Total Perinatal Deaths,January 2026,56
8203,Bomet County,Total Perinatal Deaths,February 2026,38
8204,Bomet County,Total Perinatal Deaths,March 2026,39
8205,Bomet County,Total Perinatal Deaths,April 2026,56
8206,Bungoma County,Total Perinatal Deaths,May 2025,75
8207,Bungoma County,Total Perinatal Deaths,June 2025,76
8208,Bungoma County,Total Perinatal Deaths,July 2025,99
8209,Bungoma County,Total Perinatal Deaths,August 2025,91
8210,Bungoma County,Total Perinatal Deaths,September 2025,76
8211,Bungoma County,Total Perinatal Deaths,October 2025,74
8212,Bungoma County,Total Perinatal Deaths,November 2025,77
8213,Bungoma County,Total Perinatal Deaths,December 2025,59
8214,Bungoma County,Total Perinatal Deaths,January 2026,64
8215,Bungoma County,Total Perinatal Deaths,February 2026,70
8216,Bungoma County,Total Perinatal Deaths,March 2026,82
8217,Bungoma County,Total Perinatal Deaths,April 2026,77
8218,Busia County,Total Perinatal Deaths,May 2025,46
8219,Busia County,Total Perinatal Deaths,June 2025,30
8220,Busia County,Total Perinatal Deaths,July 2025,36
8221,Busia County,Total Perinatal Deaths,August 2025,32
8222,Busia County,Total Perinatal Deaths,September 2025,36
8223,Busia County,Total Perinatal Deaths,October 2025,66
8224,Busia County,Total Perinatal Deaths,November 2025,40
8225,Busia County,Total Perinatal Deaths,December 2025,35
8226,Busia County,Total Perinatal Deaths,January 2026,47
8227,Busia County,Total Perinatal Deaths,February 2026,32
8228,Busia County,Total Perinatal Deaths,March 2026,35
8229,Busia County,Total Perinatal Deaths,April 2026,37
8230,Elgeyo Marakwet County,Total Perinatal Deaths,May 2025,23
8231,Elgeyo Marakwet County,Total Perinatal Deaths,June 2025,12
8232,Elgeyo Marakwet County,Total Perinatal Deaths,July 2025,26
8233,Elgeyo Marakwet County,Total Perinatal Deaths,August 2025,22
8234,Elgeyo Marakwet County,Total Perinatal Deaths,September 2025,37
8235,Elgeyo Marakwet County,Total Perinatal Deaths,October 2025,26
8236,Elgeyo Marakwet County,Total Perinatal Deaths,November 2025,10
8237,Elgeyo Marakwet County,Total Perinatal Deaths,December 2025,13
8238,Elgeyo Marakwet County,Total Perinatal Deaths,January 2026,15
8239,Elgeyo Marakwet County,Total Perinatal Deaths,February 2026,15
8240,Elgeyo Marakwet County,Total Perinatal Deaths,March 2026,18
8241,Elgeyo Marakwet County,Total Perinatal Deaths,April 2026,16
8242,Embu County,Total Perinatal Deaths,May 2025,31
8243,Embu County,Total Perinatal Deaths,June 2025,31
8244,Embu County,Total Perinatal Deaths,July 2025,47
8245,Embu County,Total Perinatal Deaths,August 2025,38
8246,Embu County,Total Perinatal Deaths,September 2025,25
8247,Embu County,Total Perinatal Deaths,October 2025,39
8248,Embu County,Total Perinatal Deaths,November 2025,21
8249,Embu County,Total Perinatal Deaths,December 2025,28
8250,Embu County,Total Perinatal Deaths,January 2026,21
8251,Embu County,Total Perinatal Deaths,February 2026,24
8252,Embu County,Total Perinatal Deaths,March 2026,26
8253,Embu County,Total Perinatal Deaths,April 2026,17
8254,Garissa County,Total Perinatal Deaths,May 2025,81
8255,Garissa County,Total Perinatal Deaths,June 2025,74
8256,Garissa County,Total Perinatal Deaths,July 2025,62
8257,Garissa County,Total Perinatal Deaths,August 2025,47
8258,Garissa County,Total Perinatal Deaths,September 2025,42
8259,Garissa County,Total Perinatal Deaths,October 2025,46
8260,Garissa County,Total Perinatal Deaths,November 2025,58
8261,Garissa County,Total Perinatal Deaths,December 2025,63
8262,Garissa County,Total Perinatal Deaths,January 2026,64
8263,Garissa County,Total Perinatal Deaths,February 2026,69
8264,Garissa County,Total Perinatal Deaths,March 2026,97
8265,Garissa County,Total Perinatal Deaths,April 2026,97
8266,Homa Bay County,Total Perinatal Deaths,May 2025,43
8267,Homa Bay County,Total Perinatal Deaths,June 2025,38
8268,Homa Bay County,Total Perinatal Deaths,July 2025,42
8269,Homa Bay County,Total Perinatal Deaths,August 2025,37
8270,Homa Bay County,Total Perinatal Deaths,September 2025,51
8271,Homa Bay County,Total Perinatal Deaths,October 2025,48
8272,Homa Bay County,Total Perinatal Deaths,November 2025,43
8273,Homa Bay County,Total Perinatal Deaths,December 2025,44
8274,Homa Bay County,Total Perinatal Deaths,January 2026,56
8275,Homa Bay County,Total Perinatal Deaths,February 2026,48
8276,Homa Bay County,Total Perinatal Deaths,March 2026,38
8277,Homa Bay County,Total Perinatal Deaths,April 2026,36
8278,Isiolo County,Total Perinatal Deaths,May 2025,15
8279,Isiolo County,Total Perinatal Deaths,June 2025,7
8280,Isiolo County,Total Perinatal Deaths,July 2025,10
8281,Isiolo County,Total Perinatal Deaths,August 2025,13
8282,Isiolo County,Total Perinatal Deaths,September 2025,7
8283,Isiolo County,Total Perinatal Deaths,October 2025,11
8284,Isiolo County,Total Perinatal Deaths,November 2025,12
8285,Isiolo County,Total Perinatal Deaths,December 2025,20
8286,Isiolo County,Total Perinatal Deaths,January 2026,6
8287,Isiolo County,Total Perinatal Deaths,February 2026,16
8288,Isiolo County,Total Perinatal Deaths,March 2026,11
8289,Isiolo County,Total Perinatal Deaths,April 2026,5
8290,Kajiado County,Total Perinatal Deaths,May 2025,66
8291,Kajiado County,Total Perinatal Deaths,June 2025,75
8292,Kajiado County,Total Perinatal Deaths,July 2025,62
8293,Kajiado County,Total Perinatal Deaths,August 2025,65
8294,Kajiado County,Total Perinatal Deaths,September 2025,47
8295,Kajiado County,Total Perinatal Deaths,October 2025,65
8296,Kajiado County,Total Perinatal Deaths,November 2025,53
8297,Kajiado County,Total Perinatal Deaths,December 2025,61
8298,Kajiado County,Total Perinatal Deaths,January 2026,59
8299,Kajiado County,Total Perinatal Deaths,February 2026,41
8300,Kajiado County,Total Perinatal Deaths,March 2026,72
8301,Kajiado County,Total Perinatal Deaths,April 2026,81
8302,Kakamega County,Total Perinatal Deaths,May 2025,69
8303,Kakamega County,Total Perinatal Deaths,June 2025,75
8304,Kakamega County,Total Perinatal Deaths,July 2025,113
8305,Kakamega County,Total Perinatal Deaths,August 2025,97
8306,Kakamega County,Total Perinatal Deaths,September 2025,102
8307,Kakamega County,Total Perinatal Deaths,October 2025,104
8308,Kakamega County,Total Perinatal Deaths,November 2025,94
8309,Kakamega County,Total Perinatal Deaths,December 2025,99
8310,Kakamega County,Total Perinatal Deaths,January 2026,94
8311,Kakamega County,Total Perinatal Deaths,February 2026,97
8312,Kakamega County,Total Perinatal Deaths,March 2026,112
8313,Kakamega County,Total Perinatal Deaths,April 2026,94
8314,Kericho County,Total Perinatal Deaths,May 2025,67
8315,Kericho County,Total Perinatal Deaths,June 2025,55
8316,Kericho County,Total Perinatal Deaths,July 2025,41
8317,Kericho County,Total Perinatal Deaths,August 2025,34
8318,Kericho County,Total Perinatal Deaths,September 2025,35
8319,Kericho County,Total Perinatal Deaths,October 2025,53
8320,Kericho County,Total Perinatal Deaths,November 2025,60
8321,Kericho County,Total Perinatal Deaths,December 2025,50
8322,Kericho County,Total Perinatal Deaths,January 2026,40
8323,Kericho County,Total Perinatal Deaths,February 2026,51
8324,Kericho County,Total Perinatal Deaths,March 2026,55
8325,Kericho County,Total Perinatal Deaths,April 2026,43
8326,Kiambu County,Total Perinatal Deaths,May 2025,95
8327,Kiambu County,Total Perinatal Deaths,June 2025,90
8328,Kiambu County,Total Perinatal Deaths,July 2025,91
8329,Kiambu County,Total Perinatal Deaths,August 2025,95
8330,Kiambu County,Total Perinatal Deaths,September 2025,110
8331,Kiambu County,Total Perinatal Deaths,October 2025,96
8332,Kiambu County,Total Perinatal Deaths,November 2025,100
8333,Kiambu County,Total Perinatal Deaths,December 2025,101
8334,Kiambu County,Total Perinatal Deaths,January 2026,87
8335,Kiambu County,Total Perinatal Deaths,February 2026,91
8336,Kiambu County,Total Perinatal Deaths,March 2026,88
8337,Kiambu County,Total Perinatal Deaths,April 2026,103
8338,Kilifi County,Total Perinatal Deaths,May 2025,109
8339,Kilifi County,Total Perinatal Deaths,June 2025,104
8340,Kilifi County,Total Perinatal Deaths,July 2025,89
8341,Kilifi County,Total Perinatal Deaths,August 2025,81
8342,Kilifi County,Total Perinatal Deaths,September 2025,70
8343,Kilifi County,Total Perinatal Deaths,October 2025,100
8344,Kilifi County,Total Perinatal Deaths,November 2025,89
8345,Kilifi County,Total Perinatal Deaths,December 2025,80
8346,Kilifi County,Total Perinatal Deaths,January 2026,137
8347,Kilifi County,Total Perinatal Deaths,February 2026,93
8348,Kilifi County,Total Perinatal Deaths,March 2026,94
8349,Kilifi County,Total Perinatal Deaths,April 2026,146
8350,Kirinyaga County,Total Perinatal Deaths,May 2025,21
8351,Kirinyaga County,Total Perinatal Deaths,June 2025,26
8352,Kirinyaga County,Total Perinatal Deaths,July 2025,31
8353,Kirinyaga County,Total Perinatal Deaths,August 2025,24
8354,Kirinyaga County,Total Perinatal Deaths,September 2025,26
8355,Kirinyaga County,Total Perinatal Deaths,October 2025,44
8356,Kirinyaga County,Total Perinatal Deaths,November 2025,20
8357,Kirinyaga County,Total Perinatal Deaths,December 2025,30
8358,Kirinyaga County,Total Perinatal Deaths,January 2026,22
8359,Kirinyaga County,Total Perinatal Deaths,February 2026,22
8360,Kirinyaga County,Total Perinatal Deaths,March 2026,33
8361,Kirinyaga County,Total Perinatal Deaths,April 2026,29
8362,Kisii County,Total Perinatal Deaths,May 2025,37
8363,Kisii County,Total Perinatal Deaths,June 2025,35
8364,Kisii County,Total Perinatal Deaths,July 2025,43
8365,Kisii County,Total Perinatal Deaths,August 2025,28
8366,Kisii County,Total Perinatal Deaths,September 2025,33
8367,Kisii County,Total Perinatal Deaths,October 2025,32
8368,Kisii County,Total Perinatal Deaths,November 2025,30
8369,Kisii County,Total Perinatal Deaths,December 2025,31
8370,Kisii County,Total Perinatal Deaths,January 2026,19
8371,Kisii County,Total Perinatal Deaths,February 2026,30
8372,Kisii County,Total Perinatal Deaths,March 2026,28
8373,Kisii County,Total Perinatal Deaths,April 2026,42
8374,Kisumu County,Total Perinatal Deaths,May 2025,55
8375,Kisumu County,Total Perinatal Deaths,June 2025,85
8376,Kisumu County,Total Perinatal Deaths,July 2025,86
8377,Kisumu County,Total Perinatal Deaths,August 2025,67
8378,Kisumu County,Total Perinatal Deaths,September 2025,43
8379,Kisumu County,Total Perinatal Deaths,October 2025,73
8380,Kisumu County,Total Perinatal Deaths,November 2025,81
8381,Kisumu County,Total Perinatal Deaths,December 2025,68
8382,Kisumu County,Total Perinatal Deaths,January 2026,66
8383,Kisumu County,Total Perinatal Deaths,February 2026,62
8384,Kisumu County,Total Perinatal Deaths,March 2026,79
8385,Kisumu County,Total Perinatal Deaths,April 2026,41
8386,Kitui County,Total Perinatal Deaths,May 2025,64
8387,Kitui County,Total Perinatal Deaths,June 2025,49
8388,Kitui County,Total Perinatal Deaths,July 2025,56
8389,Kitui County,Total Perinatal Deaths,August 2025,39
8390,Kitui County,Total Perinatal Deaths,September 2025,53
8391,Kitui County,Total Perinatal Deaths,October 2025,72
8392,Kitui County,Total Perinatal Deaths,November 2025,51
8393,Kitui County,Total Perinatal Deaths,December 2025,50
8394,Kitui County,Total Perinatal Deaths,January 2026,62
8395,Kitui County,Total Perinatal Deaths,February 2026,61
8396,Kitui County,Total Perinatal Deaths,March 2026,68
8397,Kitui County,Total Perinatal Deaths,April 2026,72
8398,Kwale County,Total Perinatal Deaths,May 2025,51
8399,Kwale County,Total Perinatal Deaths,June 2025,54
8400,Kwale County,Total Perinatal Deaths,July 2025,46
8401,Kwale County,Total Perinatal Deaths,August 2025,37
8402,Kwale County,Total Perinatal Deaths,September 2025,44
8403,Kwale County,Total Perinatal Deaths,October 2025,56
8404,Kwale County,Total Perinatal Deaths,November 2025,60
8405,Kwale County,Total Perinatal Deaths,December 2025,71
8406,Kwale County,Total Perinatal Deaths,January 2026,62
8407,Kwale County,Total Perinatal Deaths,February 2026,41
8408,Kwale County,Total Perinatal Deaths,March 2026,82
8409,Kwale County,Total Perinatal Deaths,April 2026,69
8410,Laikipia County,Total Perinatal Deaths,May 2025,78
8411,Laikipia County,Total Perinatal Deaths,June 2025,22
8412,Laikipia County,Total Perinatal Deaths,July 2025,23
8413,Laikipia County,Total Perinatal Deaths,August 2025,32
8414,Laikipia County,Total Perinatal Deaths,September 2025,31
8415,Laikipia County,Total Perinatal Deaths,October 2025,22
8416,Laikipia County,Total Perinatal Deaths,November 2025,30
8417,Laikipia County,Total Perinatal Deaths,December 2025,29
8418,Laikipia County,Total Perinatal Deaths,January 2026,22
8419,Laikipia County,Total Perinatal Deaths,February 2026,23
8420,Laikipia County,Total Perinatal Deaths,March 2026,23
8421,Laikipia County,Total Perinatal Deaths,April 2026,27
8422,Lamu County,Total Perinatal Deaths,May 2025,12
8423,Lamu County,Total Perinatal Deaths,June 2025,7
8424,Lamu County,Total Perinatal Deaths,July 2025,8
8425,Lamu County,Total Perinatal Deaths,August 2025,12
8426,Lamu County,Total Perinatal Deaths,September 2025,9
8427,Lamu County,Total Perinatal Deaths,October 2025,14
8428,Lamu County,Total Perinatal Deaths,November 2025,12
8429,Lamu County,Total Perinatal Deaths,December 2025,9
8430,Lamu County,Total Perinatal Deaths,January 2026,7
8431,Lamu County,Total Perinatal Deaths,February 2026,9
8432,Lamu County,Total Perinatal Deaths,March 2026,8
8433,Lamu County,Total Perinatal Deaths,April 2026,6
8434,Machakos County,Total Perinatal Deaths,May 2025,32
8435,Machakos County,Total Perinatal Deaths,June 2025,35
8436,Machakos County,Total Perinatal Deaths,July 2025,37
8437,Machakos County,Total Perinatal Deaths,August 2025,28
8438,Machakos County,Total Perinatal Deaths,September 2025,27
8439,Machakos County,Total Perinatal Deaths,October 2025,38
8440,Machakos County,Total Perinatal Deaths,November 2025,33
8441,Machakos County,Total Perinatal Deaths,December 2025,34
8442,Machakos County,Total Perinatal Deaths,January 2026,32
8443,Machakos County,Total Perinatal Deaths,February 2026,33
8444,Machakos County,Total Perinatal Deaths,March 2026,34
8445,Machakos County,Total Perinatal Deaths,April 2026,40
8446,Makueni County,Total Perinatal Deaths,May 2025,55
8447,Makueni County,Total Perinatal Deaths,June 2025,35
8448,Makueni County,Total Perinatal Deaths,July 2025,39
8449,Makueni County,Total Perinatal Deaths,August 2025,46
8450,Makueni County,Total Perinatal Deaths,September 2025,30
8451,Makueni County,Total Perinatal Deaths,October 2025,27
8452,Makueni County,Total Perinatal Deaths,November 2025,32
8453,Makueni County,Total Perinatal Deaths,December 2025,26
8454,Makueni County,Total Perinatal Deaths,January 2026,38
8455,Makueni County,Total Perinatal Deaths,February 2026,28
8456,Makueni County,Total Perinatal Deaths,March 2026,40
8457,Makueni County,Total Perinatal Deaths,April 2026,22
8458,Mandera County,Total Perinatal Deaths,May 2025,35
8459,Mandera County,Total Perinatal Deaths,June 2025,16
8460,Mandera County,Total Perinatal Deaths,July 2025,25
8461,Mandera County,Total Perinatal Deaths,August 2025,41
8462,Mandera County,Total Perinatal Deaths,September 2025,39
8463,Mandera County,Total Perinatal Deaths,October 2025,49
8464,Mandera County,Total Perinatal Deaths,November 2025,41
8465,Mandera County,Total Perinatal Deaths,December 2025,42
8466,Mandera County,Total Perinatal Deaths,January 2026,47
8467,Mandera County,Total Perinatal Deaths,February 2026,31
8468,Mandera County,Total Perinatal Deaths,March 2026,47
8469,Mandera County,Total Perinatal Deaths,April 2026,34
8470,Marsabit County,Total Perinatal Deaths,May 2025,20
8471,Marsabit County,Total Perinatal Deaths,June 2025,13
8472,Marsabit County,Total Perinatal Deaths,July 2025,20
8473,Marsabit County,Total Perinatal Deaths,August 2025,19
8474,Marsabit County,Total Perinatal Deaths,September 2025,23
8475,Marsabit County,Total Perinatal Deaths,October 2025,26
8476,Marsabit County,Total Perinatal Deaths,November 2025,11
8477,Marsabit County,Total Perinatal Deaths,December 2025,28
8478,Marsabit County,Total Perinatal Deaths,January 2026,17
8479,Marsabit County,Total Perinatal Deaths,February 2026,12
8480,Marsabit County,Total Perinatal Deaths,March 2026,19
8481,Marsabit County,Total Perinatal Deaths,April 2026,16
8482,Meru County,Total Perinatal Deaths,May 2025,42
8483,Meru County,Total Perinatal Deaths,June 2025,35
8484,Meru County,Total Perinatal Deaths,July 2025,36
8485,Meru County,Total Perinatal Deaths,August 2025,43
8486,Meru County,Total Perinatal Deaths,September 2025,48
8487,Meru County,Total Perinatal Deaths,October 2025,110
8488,Meru County,Total Perinatal Deaths,November 2025,40
8489,Meru County,Total Perinatal Deaths,December 2025,35
8490,Meru County,Total Perinatal Deaths,January 2026,32
8491,Meru County,Total Perinatal Deaths,February 2026,45
8492,Meru County,Total Perinatal Deaths,March 2026,53
8493,Meru County,Total Perinatal Deaths,April 2026,45
8494,Migori County,Total Perinatal Deaths,May 2025,35
8495,Migori County,Total Perinatal Deaths,June 2025,23
8496,Migori County,Total Perinatal Deaths,July 2025,29
8497,Migori County,Total Perinatal Deaths,August 2025,50
8498,Migori County,Total Perinatal Deaths,September 2025,31
8499,Migori County,Total Perinatal Deaths,October 2025,37
8500,Migori County,Total Perinatal Deaths,November 2025,43
8501,Migori County,Total Perinatal Deaths,December 2025,53
8502,Migori County,Total Perinatal Deaths,January 2026,64
8503,Migori County,Total Perinatal Deaths,February 2026,36
8504,Migori County,Total Perinatal Deaths,March 2026,40
8505,Migori County,Total Perinatal Deaths,April 2026,42
8506,Mombasa County,Total Perinatal Deaths,May 2025,95
8507,Mombasa County,Total Perinatal Deaths,June 2025,74
8508,Mombasa County,Total Perinatal Deaths,July 2025,60
8509,Mombasa County,Total Perinatal Deaths,August 2025,71
8510,Mombasa County,Total Perinatal Deaths,September 2025,66
8511,Mombasa County,Total Perinatal Deaths,October 2025,70
8512,Mombasa County,Total Perinatal Deaths,November 2025,82
8513,Mombasa County,Total Perinatal Deaths,December 2025,57
8514,Mombasa County,Total Perinatal Deaths,January 2026,75
8515,Mombasa County,Total Perinatal Deaths,February 2026,68
8516,Mombasa County,Total Perinatal Deaths,March 2026,107
8517,Mombasa County,Total Perinatal Deaths,April 2026,100
8518,Muranga County,Total Perinatal Deaths,May 2025,26
8519,Muranga County,Total Perinatal Deaths,June 2025,25
8520,Muranga County,Total Perinatal Deaths,July 2025,24
8521,Muranga County,Total Perinatal Deaths,August 2025,31
8522,Muranga County,Total Perinatal Deaths,September 2025,35
8523,Muranga County,Total Perinatal Deaths,October 2025,45
8524,Muranga County,Total Perinatal Deaths,November 2025,30
8525,Muranga County,Total Perinatal Deaths,December 2025,29
8526,Muranga County,Total Perinatal Deaths,January 2026,39
8527,Muranga County,Total Perinatal Deaths,February 2026,36
8528,Muranga County,Total Perinatal Deaths,March 2026,32
8529,Muranga County,Total Perinatal Deaths,April 2026,31
8530,Nairobi County,Total Perinatal Deaths,May 2025,275
8531,Nairobi County,Total Perinatal Deaths,June 2025,276
8532,Nairobi County,Total Perinatal Deaths,July 2025,205
8533,Nairobi County,Total Perinatal Deaths,August 2025,209
8534,Nairobi County,Total Perinatal Deaths,September 2025,219
8535,Nairobi County,Total Perinatal Deaths,October 2025,240
8536,Nairobi County,Total Perinatal Deaths,November 2025,236
8537,Nairobi County,Total Perinatal Deaths,December 2025,248
8538,Nairobi County,Total Perinatal Deaths,January 2026,187
8539,Nairobi County,Total Perinatal Deaths,February 2026,246
8540,Nairobi County,Total Perinatal Deaths,March 2026,270
8541,Nairobi County,Total Perinatal Deaths,April 2026,213
8542,Nakuru County,Total Perinatal Deaths,May 2025,115
8543,Nakuru County,Total Perinatal Deaths,June 2025,94
8544,Nakuru County,Total Perinatal Deaths,July 2025,128
8545,Nakuru County,Total Perinatal Deaths,August 2025,137
8546,Nakuru County,Total Perinatal Deaths,September 2025,182
8547,Nakuru County,Total Perinatal Deaths,October 2025,112
8548,Nakuru County,Total Perinatal Deaths,November 2025,115
8549,Nakuru County,Total Perinatal Deaths,December 2025,105
8550,Nakuru County,Total Perinatal Deaths,January 2026,118
8551,Nakuru County,Total Perinatal Deaths,February 2026,117
8552,Nakuru County,Total Perinatal Deaths,March 2026,120
8553,Nakuru County,Total Perinatal Deaths,April 2026,104
8554,Nandi County,Total Perinatal Deaths,May 2025,34
8555,Nandi County,Total Perinatal Deaths,June 2025,37
8556,Nandi County,Total Perinatal Deaths,July 2025,27
8557,Nandi County,Total Perinatal Deaths,August 2025,44
8558,Nandi County,Total Perinatal Deaths,September 2025,35
8559,Nandi County,Total Perinatal Deaths,October 2025,38
8560,Nandi County,Total Perinatal Deaths,November 2025,24
8561,Nandi County,Total Perinatal Deaths,December 2025,37
8562,Nandi County,Total Perinatal Deaths,January 2026,53
8563,Nandi County,Total Perinatal Deaths,February 2026,28
8564,Nandi County,Total Perinatal Deaths,March 2026,29
8565,Nandi County,Total Perinatal Deaths,April 2026,32
8566,Narok County,Total Perinatal Deaths,May 2025,52
8567,Narok County,Total Perinatal Deaths,June 2025,37
8568,Narok County,Total Perinatal Deaths,July 2025,50
8569,Narok County,Total Perinatal Deaths,August 2025,63
8570,Narok County,Total Perinatal Deaths,September 2025,27
8571,Narok County,Total Perinatal Deaths,October 2025,40
8572,Narok County,Total Perinatal Deaths,November 2025,41
8573,Narok County,Total Perinatal Deaths,December 2025,61
8574,Narok County,Total Perinatal Deaths,January 2026,35
8575,Narok County,Total Perinatal Deaths,February 2026,66
8576,Narok County,Total Perinatal Deaths,March 2026,38
8577,Narok County,Total Perinatal Deaths,April 2026,38
8578,Nyamira County,Total Perinatal Deaths,May 2025,7
8579,Nyamira County,Total Perinatal Deaths,June 2025,8
8580,Nyamira County,Total Perinatal Deaths,July 2025,17
8581,Nyamira County,Total Perinatal Deaths,August 2025,13
8582,Nyamira County,Total Perinatal Deaths,September 2025,12
8583,Nyamira County,Total Perinatal Deaths,October 2025,20
8584,Nyamira County,Total Perinatal Deaths,November 2025,6
8585,Nyamira County,Total Perinatal Deaths,December 2025,17
8586,Nyamira County,Total Perinatal Deaths,January 2026,11
8587,Nyamira County,Total Perinatal Deaths,February 2026,17
8588,Nyamira County,Total Perinatal Deaths,March 2026,11
8589,Nyamira County,Total Perinatal Deaths,April 2026,21
8590,Nyandarua County,Total Perinatal Deaths,May 2025,11
8591,Nyandarua County,Total Perinatal Deaths,June 2025,10
8592,Nyandarua County,Total Perinatal Deaths,July 2025,7
8593,Nyandarua County,Total Perinatal Deaths,August 2025,9
8594,Nyandarua County,Total Perinatal Deaths,September 2025,16
8595,Nyandarua County,Total Perinatal Deaths,October 2025,18
8596,Nyandarua County,Total Perinatal Deaths,November 2025,11
8597,Nyandarua County,Total Perinatal Deaths,December 2025,23
8598,Nyandarua County,Total Perinatal Deaths,January 2026,14
8599,Nyandarua County,Total Perinatal Deaths,February 2026,8
8600,Nyandarua County,Total Perinatal Deaths,March 2026,15
8601,Nyandarua County,Total Perinatal Deaths,April 2026,4
8602,Nyeri County,Total Perinatal Deaths,May 2025,19
8603,Nyeri County,Total Perinatal Deaths,June 2025,18
8604,Nyeri County,Total Perinatal Deaths,July 2025,26
8605,Nyeri County,Total Perinatal Deaths,August 2025,21
8606,Nyeri County,Total Perinatal Deaths,September 2025,26
8607,Nyeri County,Total Perinatal Deaths,October 2025,24
8608,Nyeri County,Total Perinatal Deaths,November 2025,25
8609,Nyeri County,Total Perinatal Deaths,December 2025,27
8610,Nyeri County,Total Perinatal Deaths,January 2026,25
8611,Nyeri County,Total Perinatal Deaths,February 2026,31
8612,Nyeri County,Total Perinatal Deaths,March 2026,25
8613,Nyeri County,Total Perinatal Deaths,April 2026,26
8614,Samburu County,Total Perinatal Deaths,May 2025,12
8615,Samburu County,Total Perinatal Deaths,June 2025,15
8616,Samburu County,Total Perinatal Deaths,July 2025,9
8617,Samburu County,Total Perinatal Deaths,August 2025,9
8618,Samburu County,Total Perinatal Deaths,September 2025,11
8619,Samburu County,Total Perinatal Deaths,November 2025,11
8620,Samburu County,Total Perinatal Deaths,December 2025,4
8621,Samburu County,Total Perinatal Deaths,January 2026,9
8622,Samburu County,Total Perinatal Deaths,February 2026,3
8623,Samburu County,Total Perinatal Deaths,March 2026,19
8624,Samburu County,Total Perinatal Deaths,April 2026,13
8625,Siaya County,Total Perinatal Deaths,May 2025,41
8626,Siaya County,Total Perinatal Deaths,June 2025,25
8627,Siaya County,Total Perinatal Deaths,July 2025,35
8628,Siaya County,Total Perinatal Deaths,August 2025,48
8629,Siaya County,Total Perinatal Deaths,September 2025,32
8630,Siaya County,Total Perinatal Deaths,October 2025,25
8631,Siaya County,Total Perinatal Deaths,November 2025,30
8632,Siaya County,Total Perinatal Deaths,December 2025,33
8633,Siaya County,Total Perinatal Deaths,January 2026,42
8634,Siaya County,Total Perinatal Deaths,February 2026,32
8635,Siaya County,Total Perinatal Deaths,March 2026,38
8636,Siaya County,Total Perinatal Deaths,April 2026,38
8637,Taita Taveta County,Total Perinatal Deaths,May 2025,17
8638,Taita Taveta County,Total Perinatal Deaths,June 2025,14
8639,Taita Taveta County,Total Perinatal Deaths,July 2025,18
8640,Taita Taveta County,Total Perinatal Deaths,August 2025,14
8641,Taita Taveta County,Total Perinatal Deaths,September 2025,24
8642,Taita Taveta County,Total Perinatal Deaths,October 2025,13
8643,Taita Taveta County,Total Perinatal Deaths,November 2025,12
8644,Taita Taveta County,Total Perinatal Deaths,December 2025,9
8645,Taita Taveta County,Total Perinatal Deaths,January 2026,10
8646,Taita Taveta County,Total Perinatal Deaths,February 2026,12
8647,Taita Taveta County,Total Perinatal Deaths,March 2026,12
8648,Taita Taveta County,Total Perinatal Deaths,April 2026,16
8649,Tana River County,Total Perinatal Deaths,May 2025,22
8650,Tana River County,Total Perinatal Deaths,June 2025,27
8651,Tana River County,Total Perinatal Deaths,July 2025,28
8652,Tana River County,Total Perinatal Deaths,August 2025,16
8653,Tana River County,Total Perinatal Deaths,September 2025,14
8654,Tana River County,Total Perinatal Deaths,October 2025,17
8655,Tana River County,Total Perinatal Deaths,November 2025,29
8656,Tana River County,Total Perinatal Deaths,December 2025,20
8657,Tana River County,Total Perinatal Deaths,January 2026,16
8658,Tana River County,Total Perinatal Deaths,February 2026,22
8659,Tana River County,Total Perinatal Deaths,March 2026,32
8660,Tana River County,Total Perinatal Deaths,April 2026,12
8661,Tharaka Nithi County,Total Perinatal Deaths,May 2025,14
8662,Tharaka Nithi County,Total Perinatal Deaths,June 2025,10
8663,Tharaka Nithi County,Total Perinatal Deaths,July 2025,10
8664,Tharaka Nithi County,Total Perinatal Deaths,August 2025,8
8665,Tharaka Nithi County,Total Perinatal Deaths,September 2025,12
8666,Tharaka Nithi County,Total Perinatal Deaths,October 2025,13
8667,Tharaka Nithi County,Total Perinatal Deaths,November 2025,11
8668,Tharaka Nithi County,Total Perinatal Deaths,December 2025,12
8669,Tharaka Nithi County,Total Perinatal Deaths,January 2026,18
8670,Tharaka Nithi County,Total Perinatal Deaths,February 2026,16
8671,Tharaka Nithi County,Total Perinatal Deaths,March 2026,11
8672,Tharaka Nithi County,Total Perinatal Deaths,April 2026,11
8673,Trans Nzoia County,Total Perinatal Deaths,May 2025,63
8674,Trans Nzoia County,Total Perinatal Deaths,June 2025,61
8675,Trans Nzoia County,Total Perinatal Deaths,July 2025,86
8676,Trans Nzoia County,Total Perinatal Deaths,August 2025,40
8677,Trans Nzoia County,Total Perinatal Deaths,September 2025,29
8678,Trans Nzoia County,Total Perinatal Deaths,October 2025,44
8679,Trans Nzoia County,Total Perinatal Deaths,November 2025,53
8680,Trans Nzoia County,Total Perinatal Deaths,December 2025,42
8681,Trans Nzoia County,Total Perinatal Deaths,January 2026,57
8682,Trans Nzoia County,Total Perinatal Deaths,February 2026,49
8683,Trans Nzoia County,Total Perinatal Deaths,March 2026,66
8684,Trans Nzoia County,Total Perinatal Deaths,April 2026,73
8685,Turkana County,Total Perinatal Deaths,May 2025,36
8686,Turkana County,Total Perinatal Deaths,June 2025,39
8687,Turkana County,Total Perinatal Deaths,July 2025,24
8688,Turkana County,Total Perinatal Deaths,August 2025,40
8689,Turkana County,Total Perinatal Deaths,September 2025,34
8690,Turkana County,Total Perinatal Deaths,October 2025,31
8691,Turkana County,Total Perinatal Deaths,November 2025,26
8692,Turkana County,Total Perinatal Deaths,December 2025,41
8693,Turkana County,Total Perinatal Deaths,January 2026,33
8694,Turkana County,Total Perinatal Deaths,February 2026,46
8695,Turkana County,Total Perinatal Deaths,March 2026,28
8696,Turkana County,Total Perinatal Deaths,April 2026,56
8697,Uasin Gishu County,Total Perinatal Deaths,May 2025,39
8698,Uasin Gishu County,Total Perinatal Deaths,June 2025,42
8699,Uasin Gishu County,Total Perinatal Deaths,July 2025,46
8700,Uasin Gishu County,Total Perinatal Deaths,August 2025,59
8701,Uasin Gishu County,Total Perinatal Deaths,September 2025,57
8702,Uasin Gishu County,Total Perinatal Deaths,October 2025,50
8703,Uasin Gishu County,Total Perinatal Deaths,November 2025,37
8704,Uasin Gishu County,Total Perinatal Deaths,December 2025,53
8705,Uasin Gishu County,Total Perinatal Deaths,January 2026,66
8706,Uasin Gishu County,Total Perinatal Deaths,February 2026,55
8707,Uasin Gishu County,Total Perinatal Deaths,March 2026,45
8708,Uasin Gishu County,Total Perinatal Deaths,April 2026,53
8709,Vihiga County,Total Perinatal Deaths,May 2025,22
8710,Vihiga County,Total Perinatal Deaths,June 2025,17
8711,Vihiga County,Total Perinatal Deaths,July 2025,19
8712,Vihiga County,Total Perinatal Deaths,August 2025,26
8713,Vihiga County,Total Perinatal Deaths,September 2025,16
8714,Vihiga County,Total Perinatal Deaths,October 2025,19
8715,Vihiga County,Total Perinatal Deaths,November 2025,13
8716,Vihiga County,Total Perinatal Deaths,December 2025,21
8717,Vihiga County,Total Perinatal Deaths,January 2026,26
8718,Vihiga County,Total Perinatal Deaths,February 2026,12
8719,Vihiga County,Total Perinatal Deaths,March 2026,20
8720,Vihiga County,Total Perinatal Deaths,April 2026,32
8721,Wajir County,Total Perinatal Deaths,May 2025,43
8722,Wajir County,Total Perinatal Deaths,June 2025,32
8723,Wajir County,Total Perinatal Deaths,July 2025,32
8724,Wajir County,Total Perinatal Deaths,August 2025,18
8725,Wajir County,Total Perinatal Deaths,September 2025,27
8726,Wajir County,Total Perinatal Deaths,October 2025,28
8727,Wajir County,Total Perinatal Deaths,November 2025,24
8728,Wajir County,Total Perinatal Deaths,December 2025,27
8729,Wajir County,Total Perinatal Deaths,January 2026,30
8730,Wajir County,Total Perinatal Deaths,February 2026,20
8731,Wajir County,Total Perinatal Deaths,March 2026,30
8732,Wajir County,Total Perinatal Deaths,April 2026,33
8733,West Pokot County,Total Perinatal Deaths,May 2025,30
8734,West Pokot County,Total Perinatal Deaths,June 2025,49
8735,West Pokot County,Total Perinatal Deaths,July 2025,44
8736,West Pokot County,Total Perinatal Deaths,August 2025,69
8737,West Pokot County,Total Perinatal Deaths,September 2025,57
8738,West Pokot County,Total Perinatal Deaths,October 2025,57
8739,West Pokot County,Total Perinatal Deaths,November 2025,52
8740,West Pokot County,Total Perinatal Deaths,December 2025,65
8741,West Pokot County,Total Perinatal Deaths,January 2026,62
8742,West Pokot County,Total Perinatal Deaths,February 2026,80
8743,West Pokot County,Total Perinatal Deaths,March 2026,75
8744,West Pokot County,Total Perinatal Deaths,April 2026,70
8745,Migori County,MOH 711 Rev 2020_Maternal deaths 25+ Years,August 2025,1
8746,Trans Nzoia County,MOH 711 Rev 2020_Maternal deaths 25+ Years,March 2026,1
8747,Migori County,MOH 711 Rev 2020_Maternal deaths 25+ Years,September 2025,4
8748,Trans Nzoia County,MOH 711 Rev 2020_Maternal deaths 25+ Years,February 2026,1
8749,Trans Nzoia County,MOH 711 Rev 2020_Maternal deaths 25+ Years,January 2026,1
8750,Migori County,MOH 711 Rev 2020_Maternal deaths 25+ Years,July 2025,3
8751,Trans Nzoia County,MOH 711 Rev 2020_Maternal deaths 25+ Years,April 2026,1
8752,Mombasa County,MOH 711 Rev 2020_Maternal deaths 25+ Years,April 2026,1
8753,Uasin Gishu County,MOH 711 Rev 2020_Maternal deaths 25+ Years,October 2025,2
8754,Mombasa County,MOH 711 Rev 2020_Maternal deaths 25+ Years,March 2026,6
8755,Kericho County,MOH 711 Rev 2020_Maternal deaths 25+ Years,November 2025,1
8756,Kericho County,MOH 711 Rev 2020_Maternal deaths 25+ Years,December 2025,1
8757,Mombasa County,MOH 711 Rev 2020_Maternal deaths 25+ Years,January 2026,3
8758,Kericho County,MOH 711 Rev 2020_Maternal deaths 25+ Years,October 2025,2
8759,Embu County,MOH 711 Rev 2020_Maternal deaths 25+ Years,April 2026,2
8760,Isiolo County,MOH 711 Rev 2020_Maternal deaths 25+ Years,February 2026,1
8761,Tharaka Nithi County,MOH 711 Rev 2020_Maternal deaths 25+ Years,October 2025,1
8762,Isiolo County,MOH 711 Rev 2020_Maternal deaths 25+ Years,April 2026,4
8763,Isiolo County,MOH 711 Rev 2020_Maternal deaths 25+ Years,March 2026,1
8764,Lamu County,MOH 711 Rev 2020_Maternal deaths 25+ Years,December 2025,1
8765,Lamu County,MOH 711 Rev 2020_Maternal deaths 25+ Years,November 2025,1
8766,Meru County,MOH 711 Rev 2020_Maternal deaths 25+ Years,December 2025,2
8767,Nandi County,MOH 711 Rev 2020_Maternal deaths 25+ Years,February 2026,1
8768,Embu County,MOH 711 Rev 2020_Maternal deaths 25+ Years,January 2026,2
8769,Nyandarua County,MOH 711 Rev 2020_Maternal deaths 25+ Years,February 2026,1
8770,Vihiga County,MOH 711 Rev 2020_Maternal deaths 25+ Years,August 2025,1
8771,Embu County,MOH 711 Rev 2020_Maternal deaths 25+ Years,February 2026,2
8772,Vihiga County,MOH 711 Rev 2020_Maternal deaths 25+ Years,July 2025,3
8773,Mandera County,MOH 711 Rev 2020_Maternal deaths 25+ Years,January 2026,2
8774,Vihiga County,MOH 711 Rev 2020_Maternal deaths 25+ Years,June 2025,1
8775,Vihiga County,MOH 711 Rev 2020_Maternal deaths 25+ Years,October 2025,2
8776,Lamu County,MOH 711 Rev 2020_Maternal deaths 25+ Years,June 2025,1
8777,Migori County,MOH 711 Rev 2020_Maternal deaths 25+ Years,November 2025,1
8778,Kericho County,MOH 711 Rev 2020_Maternal deaths 25+ Years,May 2025,2
8779,Migori County,MOH 711 Rev 2020_Maternal deaths 25+ Years,December 2025,8
8780,Kitui County,MOH 711 Rev 2020_Maternal deaths 25+ Years,March 2026,1
8781,Kitui County,MOH 711 Rev 2020_Maternal deaths 25+ Years,April 2026,1
8782,Kitui County,MOH 711 Rev 2020_Maternal deaths 25+ Years,January 2026,2
8783,Kitui County,MOH 711 Rev 2020_Maternal deaths 25+ Years,February 2026,1
8784,Migori County,MOH 711 Rev 2020_Maternal deaths 25+ Years,October 2025,4
8785,Kericho County,MOH 711 Rev 2020_Maternal deaths 25+ Years,August 2025,1
8786,Kericho County,MOH 711 Rev 2020_Maternal deaths 25+ Years,September 2025,1
8787,Tana River County,MOH 711 Rev 2020_Maternal deaths 25+ Years,September 2025,2
8788,Tharaka Nithi County,MOH 711 Rev 2020_Maternal deaths 25+ Years,August 2025,1
8789,Tana River County,MOH 711 Rev 2020_Maternal deaths 25+ Years,June 2025,1
8790,Tana River County,MOH 711 Rev 2020_Maternal deaths 25+ Years,November 2025,3
8791,Tana River County,MOH 711 Rev 2020_Maternal deaths 25+ Years,October 2025,1
8792,Migori County,MOH 711 Rev 2020_Maternal deaths 25+ Years,March 2026,1
8793,Migori County,MOH 711 Rev 2020_Maternal deaths 25+ Years,April 2026,3
8794,Trans Nzoia County,MOH 711 Rev 2020_Maternal deaths 25+ Years,July 2025,2
8795,Baringo County,MOH 711 Rev 2020_Maternal deaths 25+ Years,May 2025,1
8796,Trans Nzoia County,MOH 711 Rev 2020_Maternal deaths 25+ Years,May 2025,1
8797,Migori County,MOH 711 Rev 2020_Maternal deaths 25+ Years,January 2026,1
8798,Migori County,MOH 711 Rev 2020_Maternal deaths 25+ Years,February 2026,1
8799,Embu County,MOH 711 Rev 2020_Maternal deaths 25+ Years,May 2025,1
8800,West Pokot County,MOH 711 Rev 2020_Maternal deaths 25+ Years,February 2026,4
8801,West Pokot County,MOH 711 Rev 2020_Maternal deaths 25+ Years,April 2026,1
8802,Embu County,MOH 711 Rev 2020_Maternal deaths 25+ Years,September 2025,1
8803,West Pokot County,MOH 711 Rev 2020_Maternal deaths 25+ Years,January 2026,3
8804,Kisii County,MOH 711 Rev 2020_Maternal deaths 25+ Years,December 2025,1
8805,Kisii County,MOH 711 Rev 2020_Maternal deaths 25+ Years,October 2025,1
8806,Kitui County,MOH 711 Rev 2020_Maternal deaths 25+ Years,August 2025,1
8807,Kitui County,MOH 711 Rev 2020_Maternal deaths 25+ Years,September 2025,2
8808,Kitui County,MOH 711 Rev 2020_Maternal deaths 25+ Years,June 2025,2
8809,Kitui County,MOH 711 Rev 2020_Maternal deaths 25+ Years,July 2025,1
8810,Lamu County,MOH 711 Rev 2020_Maternal deaths 25+ Years,March 2026,1
8811,Kakamega County,MOH 711 Rev 2020_Maternal deaths 25+ Years,March 2026,2
8812,Siaya County,MOH 711 Rev 2020_Maternal deaths 25+ Years,March 2026,1
8813,Kakamega County,MOH 711 Rev 2020_Maternal deaths 25+ Years,February 2026,2
8814,Kitui County,MOH 711 Rev 2020_Maternal deaths 25+ Years,May 2025,2
8815,Kakamega County,MOH 711 Rev 2020_Maternal deaths 25+ Years,April 2026,2
8816,Siaya County,MOH 711 Rev 2020_Maternal deaths 25+ Years,February 2026,1
8817,Uasin Gishu County,MOH 711 Rev 2020_Maternal deaths 25+ Years,May 2025,2
8818,Uasin Gishu County,MOH 711 Rev 2020_Maternal deaths 25+ Years,June 2025,2
8819,Uasin Gishu County,MOH 711 Rev 2020_Maternal deaths 25+ Years,August 2025,2
8820,Tharaka Nithi County,MOH 711 Rev 2020_Maternal deaths 25+ Years,March 2026,1
8821,Tharaka Nithi County,MOH 711 Rev 2020_Maternal deaths 25+ Years,February 2026,1
8822,Tharaka Nithi County,MOH 711 Rev 2020_Maternal deaths 25+ Years,April 2026,2
8823,Baringo County,MOH 711 Rev 2020_Maternal deaths 25+ Years,February 2026,2
8824,Garissa County,MOH 711 Rev 2020_Maternal deaths 25+ Years,May 2025,1
8825,Baringo County,MOH 711 Rev 2020_Maternal deaths 25+ Years,March 2026,1
8826,Baringo County,MOH 711 Rev 2020_Maternal deaths 25+ Years,April 2026,2
8827,Garissa County,MOH 711 Rev 2020_Maternal deaths 25+ Years,July 2025,3
8828,Narok County,MOH 711 Rev 2020_Maternal deaths 25+ Years,March 2026,1
8829,Garissa County,MOH 711 Rev 2020_Maternal deaths 25+ Years,June 2025,2
8830,Narok County,MOH 711 Rev 2020_Maternal deaths 25+ Years,April 2026,1
8831,Kitui County,MOH 711 Rev 2020_Maternal deaths 25+ Years,December 2025,2
8832,Baringo County,MOH 711 Rev 2020_Maternal deaths 25+ Years,January 2026,1
8833,Kitui County,MOH 711 Rev 2020_Maternal deaths 25+ Years,October 2025,1
8834,Marsabit County,MOH 711 Rev 2020_Maternal deaths 25+ Years,March 2026,1
8835,Muranga County,MOH 711 Rev 2020_Maternal deaths 25+ Years,February 2026,1
8836,West Pokot County,MOH 711 Rev 2020_Maternal deaths 25+ Years,June 2025,1
8837,Homa Bay County,MOH 711 Rev 2020_Maternal deaths 25+ Years,May 2025,1
8838,Marsabit County,MOH 711 Rev 2020_Maternal deaths 25+ Years,February 2026,1
8839,Marsabit County,MOH 711 Rev 2020_Maternal deaths 25+ Years,January 2026,1
8840,Garissa County,MOH 711 Rev 2020_Maternal deaths 25+ Years,September 2025,2
8841,Garissa County,MOH 711 Rev 2020_Maternal deaths 25+ Years,August 2025,3
8842,Nakuru County,MOH 711 Rev 2020_Maternal deaths 25+ Years,December 2025,3
8843,Nakuru County,MOH 711 Rev 2020_Maternal deaths 25+ Years,November 2025,5
8844,Nakuru County,MOH 711 Rev 2020_Maternal deaths 25+ Years,October 2025,3
8845,West Pokot County,MOH 711 Rev 2020_Maternal deaths 25+ Years,September 2025,3
8846,Laikipia County,MOH 711 Rev 2020_Maternal deaths 25+ Years,April 2026,1
8847,Machakos County,MOH 711 Rev 2020_Maternal deaths 25+ Years,October 2025,2
8848,Nyeri County,MOH 711 Rev 2020_Maternal deaths 25+ Years,December 2025,2
8849,Machakos County,MOH 711 Rev 2020_Maternal deaths 25+ Years,November 2025,1
8850,Machakos County,MOH 711 Rev 2020_Maternal deaths 25+ Years,December 2025,1
8851,Nyeri County,MOH 711 Rev 2020_Maternal deaths 25+ Years,November 2025,1
8852,Busia County,MOH 711 Rev 2020_Maternal deaths 25+ Years,November 2025,1
8853,Busia County,MOH 711 Rev 2020_Maternal deaths 25+ Years,December 2025,1
8854,Busia County,MOH 711 Rev 2020_Maternal deaths 25+ Years,October 2025,2
8855,Mombasa County,MOH 711 Rev 2020_Maternal deaths 25+ Years,December 2025,4
8856,Mombasa County,MOH 711 Rev 2020_Maternal deaths 25+ Years,November 2025,1
8857,Uasin Gishu County,MOH 711 Rev 2020_Maternal deaths 25+ Years,April 2026,2
8858,Mandera County,MOH 711 Rev 2020_Maternal deaths 25+ Years,October 2025,1
8859,West Pokot County,MOH 711 Rev 2020_Maternal deaths 25+ Years,November 2025,2
8860,Uasin Gishu County,MOH 711 Rev 2020_Maternal deaths 25+ Years,January 2026,4
8861,Homa Bay County,MOH 711 Rev 2020_Maternal deaths 25+ Years,November 2025,2
8862,Uasin Gishu County,MOH 711 Rev 2020_Maternal deaths 25+ Years,February 2026,1
8863,Homa Bay County,MOH 711 Rev 2020_Maternal deaths 25+ Years,December 2025,3
8864,West Pokot County,MOH 711 Rev 2020_Maternal deaths 25+ Years,December 2025,1
8865,Machakos County,MOH 711 Rev 2020_Maternal deaths 25+ Years,July 2025,3
8866,Machakos County,MOH 711 Rev 2020_Maternal deaths 25+ Years,August 2025,2
8867,Embu County,MOH 711 Rev 2020_Maternal deaths 25+ Years,October 2025,3
8868,Machakos County,MOH 711 Rev 2020_Maternal deaths 25+ Years,May 2025,1
8869,Embu County,MOH 711 Rev 2020_Maternal deaths 25+ Years,November 2025,2
8870,Machakos County,MOH 711 Rev 2020_Maternal deaths 25+ Years,June 2025,2
8871,Kiambu County,MOH 711 Rev 2020_Maternal deaths 25+ Years,February 2026,1
8872,Mandera County,MOH 711 Rev 2020_Maternal deaths 25+ Years,December 2025,5
8873,Kiambu County,MOH 711 Rev 2020_Maternal deaths 25+ Years,January 2026,1
8874,Nyeri County,MOH 711 Rev 2020_Maternal deaths 25+ Years,June 2025,1
8875,Machakos County,MOH 711 Rev 2020_Maternal deaths 25+ Years,September 2025,2
8876,Nyeri County,MOH 711 Rev 2020_Maternal deaths 25+ Years,July 2025,1
8877,Nyeri County,MOH 711 Rev 2020_Maternal deaths 25+ Years,August 2025,1
8878,Nyeri County,MOH 711 Rev 2020_Maternal deaths 25+ Years,February 2026,1
8879,Makueni County,MOH 711 Rev 2020_Maternal deaths 25+ Years,October 2025,2
8880,Mandera County,MOH 711 Rev 2020_Maternal deaths 25+ Years,September 2025,2
8881,Laikipia County,MOH 711 Rev 2020_Maternal deaths 25+ Years,December 2025,1
8882,Makueni County,MOH 711 Rev 2020_Maternal deaths 25+ Years,December 2025,2
8883,Laikipia County,MOH 711 Rev 2020_Maternal deaths 25+ Years,October 2025,2
8884,Mombasa County,MOH 711 Rev 2020_Maternal deaths 25+ Years,September 2025,1
8885,Laikipia County,MOH 711 Rev 2020_Maternal deaths 25+ Years,November 2025,1
8886,Mombasa County,MOH 711 Rev 2020_Maternal deaths 25+ Years,August 2025,2
8887,Mombasa County,MOH 711 Rev 2020_Maternal deaths 25+ Years,July 2025,4
8888,Mombasa County,MOH 711 Rev 2020_Maternal deaths 25+ Years,June 2025,4
8889,Mombasa County,MOH 711 Rev 2020_Maternal deaths 25+ Years,May 2025,3
8890,Marsabit County,MOH 711 Rev 2020_Maternal deaths 25+ Years,September 2025,2
8891,Marsabit County,MOH 711 Rev 2020_Maternal deaths 25+ Years,August 2025,1
8892,Kiambu County,MOH 711 Rev 2020_Maternal deaths 25+ Years,October 2025,2
8893,Mombasa County,MOH 711 Rev 2020_Maternal deaths 25+ Years,October 2025,2
8894,Homa Bay County,MOH 711 Rev 2020_Maternal deaths 25+ Years,March 2026,2
8895,Kiambu County,MOH 711 Rev 2020_Maternal deaths 25+ Years,December 2025,1
8896,Homa Bay County,MOH 711 Rev 2020_Maternal deaths 25+ Years,April 2026,1
8897,Kiambu County,MOH 711 Rev 2020_Maternal deaths 25+ Years,November 2025,2
8898,Homa Bay County,MOH 711 Rev 2020_Maternal deaths 25+ Years,January 2026,1
8899,Homa Bay County,MOH 711 Rev 2020_Maternal deaths 25+ Years,February 2026,1
8900,Mandera County,MOH 711 Rev 2020_Maternal deaths 25+ Years,May 2025,1
8901,Laikipia County,MOH 711 Rev 2020_Maternal deaths 25+ Years,May 2025,1
8902,Garissa County,MOH 711 Rev 2020_Maternal deaths 25+ Years,November 2025,4
8903,Laikipia County,MOH 711 Rev 2020_Maternal deaths 25+ Years,June 2025,1
8904,Makueni County,MOH 711 Rev 2020_Maternal deaths 25+ Years,May 2025,2
8905,Kericho County,MOH 711 Rev 2020_Maternal deaths 25+ Years,April 2026,1
8906,Kericho County,MOH 711 Rev 2020_Maternal deaths 25+ Years,February 2026,2
8907,Makueni County,MOH 711 Rev 2020_Maternal deaths 25+ Years,August 2025,3
8908,Garissa County,MOH 711 Rev 2020_Maternal deaths 25+ Years,October 2025,2
8909,Marsabit County,MOH 711 Rev 2020_Maternal deaths 25+ Years,December 2025,1
8910,Kiambu County,MOH 711 Rev 2020_Maternal deaths 25+ Years,July 2025,2
8911,Kiambu County,MOH 711 Rev 2020_Maternal deaths 25+ Years,June 2025,3
8912,Kiambu County,MOH 711 Rev 2020_Maternal deaths 25+ Years,September 2025,3
8913,Kiambu County,MOH 711 Rev 2020_Maternal deaths 25+ Years,August 2025,3
8914,Laikipia County,MOH 711 Rev 2020_Maternal deaths 25+ Years,September 2025,1
8915,Nyeri County,MOH 711 Rev 2020_Maternal deaths 25+ Years,April 2026,1
8916,Kiambu County,MOH 711 Rev 2020_Maternal deaths 25+ Years,May 2025,2
8917,Laikipia County,MOH 711 Rev 2020_Maternal deaths 25+ Years,August 2025,1
8918,Bomet County,MOH 711 Rev 2020_Maternal deaths 25+ Years,May 2025,1
8919,Wajir County,MOH 711 Rev 2020_Maternal deaths 25+ Years,September 2025,2
8920,Bomet County,MOH 711 Rev 2020_Maternal deaths 25+ Years,June 2025,2
8921,Wajir County,MOH 711 Rev 2020_Maternal deaths 25+ Years,August 2025,1
8922,Bomet County,MOH 711 Rev 2020_Maternal deaths 25+ Years,July 2025,1
8923,Bomet County,MOH 711 Rev 2020_Maternal deaths 25+ Years,August 2025,1
8924,Wajir County,MOH 711 Rev 2020_Maternal deaths 25+ Years,May 2025,1
8925,Bungoma County,MOH 711 Rev 2020_Maternal deaths 25+ Years,April 2026,1
8926,Kwale County,MOH 711 Rev 2020_Maternal deaths 25+ Years,July 2025,1
8927,Kwale County,MOH 711 Rev 2020_Maternal deaths 25+ Years,June 2025,3
8928,Kajiado County,MOH 711 Rev 2020_Maternal deaths 25+ Years,June 2025,1
8929,Kwale County,MOH 711 Rev 2020_Maternal deaths 25+ Years,May 2025,2
8930,Kajiado County,MOH 711 Rev 2020_Maternal deaths 25+ Years,May 2025,2
8931,Kilifi County,MOH 711 Rev 2020_Maternal deaths 25+ Years,June 2025,3
8932,Busia County,MOH 711 Rev 2020_Maternal deaths 25+ Years,March 2026,1
8933,Kajiado County,MOH 711 Rev 2020_Maternal deaths 25+ Years,August 2025,1
8934,Kilifi County,MOH 711 Rev 2020_Maternal deaths 25+ Years,May 2025,3
8935,Bungoma County,MOH 711 Rev 2020_Maternal deaths 25+ Years,January 2026,5
8936,Busia County,MOH 711 Rev 2020_Maternal deaths 25+ Years,April 2026,2
8937,Samburu County,MOH 711 Rev 2020_Maternal deaths 25+ Years,January 2026,3
8938,Bungoma County,MOH 711 Rev 2020_Maternal deaths 25+ Years,February 2026,1
8939,Bungoma County,MOH 711 Rev 2020_Maternal deaths 25+ Years,March 2026,7
8940,Kajiado County,MOH 711 Rev 2020_Maternal deaths 25+ Years,September 2025,4
8941,Kwale County,MOH 711 Rev 2020_Maternal deaths 25+ Years,September 2025,1
8942,Kwale County,MOH 711 Rev 2020_Maternal deaths 25+ Years,August 2025,2
8943,Kisumu County,MOH 711 Rev 2020_Maternal deaths 25+ Years,October 2025,2
8944,Kisumu County,MOH 711 Rev 2020_Maternal deaths 25+ Years,November 2025,1
8945,Kisumu County,MOH 711 Rev 2020_Maternal deaths 25+ Years,December 2025,3
8946,Kilifi County,MOH 711 Rev 2020_Maternal deaths 25+ Years,December 2025,6
8947,Kwale County,MOH 711 Rev 2020_Maternal deaths 25+ Years,October 2025,2
8948,Kilifi County,MOH 711 Rev 2020_Maternal deaths 25+ Years,November 2025,9
8949,Kilifi County,MOH 711 Rev 2020_Maternal deaths 25+ Years,October 2025,3
8950,Makueni County,MOH 711 Rev 2020_Maternal deaths 25+ Years,April 2026,1
8951,Nakuru County,MOH 711 Rev 2020_Maternal deaths 25+ Years,April 2026,1
8952,Wajir County,MOH 711 Rev 2020_Maternal deaths 25+ Years,December 2025,1
8953,Muranga County,MOH 711 Rev 2020_Maternal deaths 25+ Years,October 2025,3
8954,Wajir County,MOH 711 Rev 2020_Maternal deaths 25+ Years,November 2025,1
8955,Muranga County,MOH 711 Rev 2020_Maternal deaths 25+ Years,November 2025,1
8956,Wajir County,MOH 711 Rev 2020_Maternal deaths 25+ Years,October 2025,2
8957,Muranga County,MOH 711 Rev 2020_Maternal deaths 25+ Years,December 2025,3
8958,Kwale County,MOH 711 Rev 2020_Maternal deaths 25+ Years,December 2025,2
8959,Muranga County,MOH 711 Rev 2020_Maternal deaths 25+ Years,June 2025,3
8960,Muranga County,MOH 711 Rev 2020_Maternal deaths 25+ Years,July 2025,3
8961,Muranga County,MOH 711 Rev 2020_Maternal deaths 25+ Years,August 2025,3
8962,Muranga County,MOH 711 Rev 2020_Maternal deaths 25+ Years,September 2025,1
8963,Kirinyaga County,MOH 711 Rev 2020_Maternal deaths 25+ Years,February 2026,2
8964,Nakuru County,MOH 711 Rev 2020_Maternal deaths 25+ Years,February 2026,1
8965,Nakuru County,MOH 711 Rev 2020_Maternal deaths 25+ Years,January 2026,5
8966,Kirinyaga County,MOH 711 Rev 2020_Maternal deaths 25+ Years,March 2026,1
8967,Busia County,MOH 711 Rev 2020_Maternal deaths 25+ Years,August 2025,1
8968,Busia County,MOH 711 Rev 2020_Maternal deaths 25+ Years,September 2025,3
8969,Busia County,MOH 711 Rev 2020_Maternal deaths 25+ Years,June 2025,2
8970,Busia County,MOH 711 Rev 2020_Maternal deaths 25+ Years,July 2025,1
8971,Garissa County,MOH 711 Rev 2020_Maternal deaths 25+ Years,January 2026,2
8972,Taita Taveta County,MOH 711 Rev 2020_Maternal deaths 25+ Years,July 2025,2
8973,Garissa County,MOH 711 Rev 2020_Maternal deaths 25+ Years,April 2026,1
8974,Machakos County,MOH 711 Rev 2020_Maternal deaths 25+ Years,February 2026,1
8975,Garissa County,MOH 711 Rev 2020_Maternal deaths 25+ Years,March 2026,2
8976,Machakos County,MOH 711 Rev 2020_Maternal deaths 25+ Years,March 2026,1
8977,Bungoma County,MOH 711 Rev 2020_Maternal deaths 25+ Years,May 2025,2
8978,Kajiado County,MOH 711 Rev 2020_Maternal deaths 25+ Years,March 2026,2
8979,Bungoma County,MOH 711 Rev 2020_Maternal deaths 25+ Years,June 2025,3
8980,Kajiado County,MOH 711 Rev 2020_Maternal deaths 25+ Years,February 2026,5
8981,Bungoma County,MOH 711 Rev 2020_Maternal deaths 25+ Years,July 2025,2
8982,Kwale County,MOH 711 Rev 2020_Maternal deaths 25+ Years,April 2026,3
8983,Narok County,MOH 711 Rev 2020_Maternal deaths 25+ Years,August 2025,3
8984,Bungoma County,MOH 711 Rev 2020_Maternal deaths 25+ Years,August 2025,3
8985,Kajiado County,MOH 711 Rev 2020_Maternal deaths 25+ Years,April 2026,2
8986,Kwale County,MOH 711 Rev 2020_Maternal deaths 25+ Years,March 2026,1
8987,Kilifi County,MOH 711 Rev 2020_Maternal deaths 25+ Years,April 2026,4
8988,Kwale County,MOH 711 Rev 2020_Maternal deaths 25+ Years,February 2026,2
8989,Kilifi County,MOH 711 Rev 2020_Maternal deaths 25+ Years,March 2026,1
8990,Kilifi County,MOH 711 Rev 2020_Maternal deaths 25+ Years,February 2026,4
8991,Kilifi County,MOH 711 Rev 2020_Maternal deaths 25+ Years,January 2026,7
8992,Elgeyo Marakwet County,MOH 711 Rev 2020_Maternal deaths 25+ Years,July 2025,1
8993,Bungoma County,MOH 711 Rev 2020_Maternal deaths 25+ Years,September 2025,1
8994,Narok County,MOH 711 Rev 2020_Maternal deaths 25+ Years,October 2025,3
8995,Bungoma County,MOH 711 Rev 2020_Maternal deaths 25+ Years,October 2025,3
8996,Narok County,MOH 711 Rev 2020_Maternal deaths 25+ Years,November 2025,1
8997,Bungoma County,MOH 711 Rev 2020_Maternal deaths 25+ Years,November 2025,1
8998,Narok County,MOH 711 Rev 2020_Maternal deaths 25+ Years,December 2025,1
8999,Nakuru County,MOH 711 Rev 2020_Maternal deaths 25+ Years,September 2025,4
9000,Nakuru County,MOH 711 Rev 2020_Maternal deaths 25+ Years,August 2025,2
9001,Nakuru County,MOH 711 Rev 2020_Maternal deaths 25+ Years,July 2025,5
9002,Nakuru County,MOH 711 Rev 2020_Maternal deaths 25+ Years,June 2025,3
9003,Nakuru County,MOH 711 Rev 2020_Maternal deaths 25+ Years,May 2025,3
9004,Turkana County,MOH 711 Rev 2020_Maternal deaths 25+ Years,February 2026,1
9005,Turkana County,MOH 711 Rev 2020_Maternal deaths 25+ Years,April 2026,5
9006,Bomet County,MOH 711 Rev 2020_Maternal deaths 25+ Years,October 2025,1
9007,Turkana County,MOH 711 Rev 2020_Maternal deaths 25+ Years,March 2026,2
9008,Bungoma County,MOH 711 Rev 2020_Maternal deaths 25+ Years,December 2025,2
9009,Kisumu County,MOH 711 Rev 2020_Maternal deaths 25+ Years,July 2025,1
9010,Kisumu County,MOH 711 Rev 2020_Maternal deaths 25+ Years,August 2025,2
9011,Nyamira County,MOH 711 Rev 2020_Maternal deaths 25+ Years,December 2025,1
9012,Machakos County,MOH 711 Rev 2020_Maternal deaths 25+ Years,April 2026,3
9013,Kisumu County,MOH 711 Rev 2020_Maternal deaths 25+ Years,May 2025,3
9014,Kisumu County,MOH 711 Rev 2020_Maternal deaths 25+ Years,June 2025,3
9015,Kakamega County,MOH 711 Rev 2020_Maternal deaths 25+ Years,November 2025,3
9016,Kakamega County,MOH 711 Rev 2020_Maternal deaths 25+ Years,October 2025,1
9017,Siaya County,MOH 711 Rev 2020_Maternal deaths 25+ Years,December 2025,2
9018,Kakamega County,MOH 711 Rev 2020_Maternal deaths 25+ Years,December 2025,5
9019,Nairobi County,MOH 711 Rev 2020_Maternal deaths 25+ Years,February 2026,10
9020,Nairobi County,MOH 711 Rev 2020_Maternal deaths 25+ Years,January 2026,15
9021,Elgeyo Marakwet County,MOH 711 Rev 2020_Maternal deaths 25+ Years,April 2026,19
9022,Nyamira County,MOH 711 Rev 2020_Maternal deaths 25+ Years,August 2025,1
9099,Baringo County,Total Perinatal Deaths,January 2026,28
9023,Nairobi County,MOH 711 Rev 2020_Maternal deaths 25+ Years,April 2026,15
9024,Nairobi County,MOH 711 Rev 2020_Maternal deaths 25+ Years,March 2026,10
9025,Nyamira County,MOH 711 Rev 2020_Maternal deaths 25+ Years,May 2025,1
9026,Trans Nzoia County,MOH 711 Rev 2020_Maternal deaths 25+ Years,December 2025,1
9027,Turkana County,MOH 711 Rev 2020_Maternal deaths 25+ Years,June 2025,2
9028,Turkana County,MOH 711 Rev 2020_Maternal deaths 25+ Years,September 2025,1
9029,Turkana County,MOH 711 Rev 2020_Maternal deaths 25+ Years,August 2025,2
9030,Kakamega County,MOH 711 Rev 2020_Maternal deaths 25+ Years,August 2025,2
9031,Siaya County,MOH 711 Rev 2020_Maternal deaths 25+ Years,August 2025,2
9032,Kakamega County,MOH 711 Rev 2020_Maternal deaths 25+ Years,July 2025,6
9033,Siaya County,MOH 711 Rev 2020_Maternal deaths 25+ Years,September 2025,2
9034,Kakamega County,MOH 711 Rev 2020_Maternal deaths 25+ Years,September 2025,1
9035,Siaya County,MOH 711 Rev 2020_Maternal deaths 25+ Years,July 2025,1
9036,Trans Nzoia County,MOH 711 Rev 2020_Maternal deaths 25+ Years,November 2025,1
9037,Siaya County,MOH 711 Rev 2020_Maternal deaths 25+ Years,May 2025,2
9038,Kakamega County,MOH 711 Rev 2020_Maternal deaths 25+ Years,June 2025,3
9039,Kisii County,MOH 711 Rev 2020_Maternal deaths 25+ Years,September 2025,3
9040,Kisii County,MOH 711 Rev 2020_Maternal deaths 25+ Years,June 2025,1
9041,Kisii County,MOH 711 Rev 2020_Maternal deaths 25+ Years,May 2025,1
9042,Kisii County,MOH 711 Rev 2020_Maternal deaths 25+ Years,August 2025,2
9043,Kisii County,MOH 711 Rev 2020_Maternal deaths 25+ Years,July 2025,1
9044,Meru County,MOH 711 Rev 2020_Maternal deaths 25+ Years,March 2026,1
9045,Meru County,MOH 711 Rev 2020_Maternal deaths 25+ Years,February 2026,4
9046,Kisumu County,MOH 711 Rev 2020_Maternal deaths 25+ Years,January 2026,4
9047,Meru County,MOH 711 Rev 2020_Maternal deaths 25+ Years,April 2026,1
9048,Isiolo County,MOH 711 Rev 2020_Maternal deaths 25+ Years,October 2025,1
9049,Kisumu County,MOH 711 Rev 2020_Maternal deaths 25+ Years,February 2026,3
9050,Kisumu County,MOH 711 Rev 2020_Maternal deaths 25+ Years,March 2026,2
9051,Isiolo County,MOH 711 Rev 2020_Maternal deaths 25+ Years,December 2025,1
9052,Kisumu County,MOH 711 Rev 2020_Maternal deaths 25+ Years,April 2026,3
9053,Nyandarua County,MOH 711 Rev 2020_Maternal deaths 25+ Years,December 2025,2
9054,Vihiga County,MOH 711 Rev 2020_Maternal deaths 25+ Years,April 2026,1
9055,Vihiga County,MOH 711 Rev 2020_Maternal deaths 25+ Years,March 2026,1
9056,Vihiga County,MOH 711 Rev 2020_Maternal deaths 25+ Years,February 2026,1
9057,Vihiga County,MOH 711 Rev 2020_Maternal deaths 25+ Years,January 2026,3
9058,Wajir County,MOH 711 Rev 2020_Maternal deaths 25+ Years,April 2026,2
9059,Wajir County,MOH 711 Rev 2020_Maternal deaths 25+ Years,February 2026,1
9060,Turkana County,MOH 711 Rev 2020_Maternal deaths 25+ Years,October 2025,1
9061,Bomet County,MOH 711 Rev 2020_Maternal deaths 25+ Years,January 2026,3
9062,Turkana County,MOH 711 Rev 2020_Maternal deaths 25+ Years,December 2025,2
9063,Bomet County,MOH 711 Rev 2020_Maternal deaths 25+ Years,February 2026,3
9064,Isiolo County,MOH 711 Rev 2020_Maternal deaths 25+ Years,May 2025,1
9065,Nairobi County,MOH 711 Rev 2020_Maternal deaths 25+ Years,July 2025,8
9066,Nairobi County,MOH 711 Rev 2020_Maternal deaths 25+ Years,June 2025,12
9067,Nyandarua County,MOH 711 Rev 2020_Maternal deaths 25+ Years,July 2025,1
9068,Nyamira County,MOH 711 Rev 2020_Maternal deaths 25+ Years,January 2026,1
9069,Nairobi County,MOH 711 Rev 2020_Maternal deaths 25+ Years,May 2025,17
9070,Nandi County,MOH 711 Rev 2020_Maternal deaths 25+ Years,August 2025,2
9071,Nandi County,MOH 711 Rev 2020_Maternal deaths 25+ Years,September 2025,2
9072,Nairobi County,MOH 711 Rev 2020_Maternal deaths 25+ Years,September 2025,12
9073,Nandi County,MOH 711 Rev 2020_Maternal deaths 25+ Years,June 2025,1
9074,Nairobi County,MOH 711 Rev 2020_Maternal deaths 25+ Years,August 2025,13
9075,Nandi County,MOH 711 Rev 2020_Maternal deaths 25+ Years,July 2025,2
9076,Nairobi County,MOH 711 Rev 2020_Maternal deaths 25+ Years,October 2025,11
9077,Nairobi County,MOH 711 Rev 2020_Maternal deaths 25+ Years,December 2025,5
9078,Nairobi County,MOH 711 Rev 2020_Maternal deaths 25+ Years,November 2025,5
9079,Kirinyaga County,MOH 711 Rev 2020_Maternal deaths 25+ Years,August 2025,1
9080,Nandi County,MOH 711 Rev 2020_Maternal deaths 25+ Years,November 2025,1
9081,Kisii County,MOH 711 Rev 2020_Maternal deaths 25+ Years,January 2026,1
9082,Kisii County,MOH 711 Rev 2020_Maternal deaths 25+ Years,March 2026,1
9083,Meru County,MOH 711 Rev 2020_Maternal deaths 25+ Years,June 2025,2
9084,Kisii County,MOH 711 Rev 2020_Maternal deaths 25+ Years,February 2026,1
9085,Meru County,MOH 711 Rev 2020_Maternal deaths 25+ Years,August 2025,1
9086,Kirinyaga County,MOH 711 Rev 2020_Maternal deaths 25+ Years,June 2025,1
9087,Tana River County,MOH 711 Rev 2020_Maternal deaths 25+ Years,March 2026,1
9088,Kirinyaga County,MOH 711 Rev 2020_Maternal deaths 25+ Years,May 2025,2
9089,Tana River County,MOH 711 Rev 2020_Maternal deaths 25+ Years,February 2026,1
9090,Meru County,MOH 711 Rev 2020_Maternal deaths 25+ Years,September 2025,1
9091,Baringo County,Total Perinatal Deaths,May 2025,31
9092,Baringo County,Total Perinatal Deaths,June 2025,30
9093,Baringo County,Total Perinatal Deaths,July 2025,24
9094,Baringo County,Total Perinatal Deaths,August 2025,22
9095,Baringo County,Total Perinatal Deaths,September 2025,26
9096,Baringo County,Total Perinatal Deaths,October 2025,30
9097,Baringo County,Total Perinatal Deaths,November 2025,35
9098,Baringo County,Total Perinatal Deaths,December 2025,29
9100,Baringo County,Total Perinatal Deaths,February 2026,18
9101,Baringo County,Total Perinatal Deaths,March 2026,40
9102,Baringo County,Total Perinatal Deaths,April 2026,27
9103,Bomet County,Total Perinatal Deaths,May 2025,29
9104,Bomet County,Total Perinatal Deaths,June 2025,34
9105,Bomet County,Total Perinatal Deaths,July 2025,39
9106,Bomet County,Total Perinatal Deaths,August 2025,24
9107,Bomet County,Total Perinatal Deaths,September 2025,43
9108,Bomet County,Total Perinatal Deaths,October 2025,43
9109,Bomet County,Total Perinatal Deaths,November 2025,27
9110,Bomet County,Total Perinatal Deaths,December 2025,35
9111,Bomet County,Total Perinatal Deaths,January 2026,56
9112,Bomet County,Total Perinatal Deaths,February 2026,38
9113,Bomet County,Total Perinatal Deaths,March 2026,39
9114,Bomet County,Total Perinatal Deaths,April 2026,56
9115,Bungoma County,Total Perinatal Deaths,May 2025,75
9116,Bungoma County,Total Perinatal Deaths,June 2025,76
9117,Bungoma County,Total Perinatal Deaths,July 2025,99
9118,Bungoma County,Total Perinatal Deaths,August 2025,91
9119,Bungoma County,Total Perinatal Deaths,September 2025,76
9120,Bungoma County,Total Perinatal Deaths,October 2025,74
9121,Bungoma County,Total Perinatal Deaths,November 2025,77
9122,Bungoma County,Total Perinatal Deaths,December 2025,59
9123,Bungoma County,Total Perinatal Deaths,January 2026,64
9124,Bungoma County,Total Perinatal Deaths,February 2026,70
9125,Bungoma County,Total Perinatal Deaths,March 2026,82
9126,Bungoma County,Total Perinatal Deaths,April 2026,77
9127,Busia County,Total Perinatal Deaths,May 2025,46
9128,Busia County,Total Perinatal Deaths,June 2025,30
9129,Busia County,Total Perinatal Deaths,July 2025,36
9130,Busia County,Total Perinatal Deaths,August 2025,32
9131,Busia County,Total Perinatal Deaths,September 2025,36
9132,Busia County,Total Perinatal Deaths,October 2025,66
9133,Busia County,Total Perinatal Deaths,November 2025,40
9134,Busia County,Total Perinatal Deaths,December 2025,35
9135,Busia County,Total Perinatal Deaths,January 2026,47
9136,Busia County,Total Perinatal Deaths,February 2026,32
9137,Busia County,Total Perinatal Deaths,March 2026,35
9138,Busia County,Total Perinatal Deaths,April 2026,37
9139,Elgeyo Marakwet County,Total Perinatal Deaths,May 2025,23
9140,Elgeyo Marakwet County,Total Perinatal Deaths,June 2025,12
9141,Elgeyo Marakwet County,Total Perinatal Deaths,July 2025,26
9142,Elgeyo Marakwet County,Total Perinatal Deaths,August 2025,22
9143,Elgeyo Marakwet County,Total Perinatal Deaths,September 2025,37
9144,Elgeyo Marakwet County,Total Perinatal Deaths,October 2025,26
9145,Elgeyo Marakwet County,Total Perinatal Deaths,November 2025,10
9146,Elgeyo Marakwet County,Total Perinatal Deaths,December 2025,13
9147,Elgeyo Marakwet County,Total Perinatal Deaths,January 2026,15
9148,Elgeyo Marakwet County,Total Perinatal Deaths,February 2026,15
9149,Elgeyo Marakwet County,Total Perinatal Deaths,March 2026,18
9150,Elgeyo Marakwet County,Total Perinatal Deaths,April 2026,16
9151,Embu County,Total Perinatal Deaths,May 2025,31
9152,Embu County,Total Perinatal Deaths,June 2025,31
9153,Embu County,Total Perinatal Deaths,July 2025,47
9154,Embu County,Total Perinatal Deaths,August 2025,38
9155,Embu County,Total Perinatal Deaths,September 2025,25
9156,Embu County,Total Perinatal Deaths,October 2025,39
9157,Embu County,Total Perinatal Deaths,November 2025,21
9158,Embu County,Total Perinatal Deaths,December 2025,28
9159,Embu County,Total Perinatal Deaths,January 2026,21
9160,Embu County,Total Perinatal Deaths,February 2026,24
9161,Embu County,Total Perinatal Deaths,March 2026,26
9162,Embu County,Total Perinatal Deaths,April 2026,17
9163,Garissa County,Total Perinatal Deaths,May 2025,81
9164,Garissa County,Total Perinatal Deaths,June 2025,74
9165,Garissa County,Total Perinatal Deaths,July 2025,62
9166,Garissa County,Total Perinatal Deaths,August 2025,47
9167,Garissa County,Total Perinatal Deaths,September 2025,42
9168,Garissa County,Total Perinatal Deaths,October 2025,46
9169,Garissa County,Total Perinatal Deaths,November 2025,58
9170,Garissa County,Total Perinatal Deaths,December 2025,63
9171,Garissa County,Total Perinatal Deaths,January 2026,64
9172,Garissa County,Total Perinatal Deaths,February 2026,69
9173,Garissa County,Total Perinatal Deaths,March 2026,97
9174,Garissa County,Total Perinatal Deaths,April 2026,97
9175,Homa Bay County,Total Perinatal Deaths,May 2025,43
9176,Homa Bay County,Total Perinatal Deaths,June 2025,38
9177,Homa Bay County,Total Perinatal Deaths,July 2025,42
9178,Homa Bay County,Total Perinatal Deaths,August 2025,37
9179,Homa Bay County,Total Perinatal Deaths,September 2025,51
9180,Homa Bay County,Total Perinatal Deaths,October 2025,48
9181,Homa Bay County,Total Perinatal Deaths,November 2025,43
9182,Homa Bay County,Total Perinatal Deaths,December 2025,44
9183,Homa Bay County,Total Perinatal Deaths,January 2026,56
9184,Homa Bay County,Total Perinatal Deaths,February 2026,48
9185,Homa Bay County,Total Perinatal Deaths,March 2026,38
9186,Homa Bay County,Total Perinatal Deaths,April 2026,36
9187,Isiolo County,Total Perinatal Deaths,May 2025,15
9188,Isiolo County,Total Perinatal Deaths,June 2025,7
9189,Isiolo County,Total Perinatal Deaths,July 2025,10
9190,Isiolo County,Total Perinatal Deaths,August 2025,13
9191,Isiolo County,Total Perinatal Deaths,September 2025,7
9192,Isiolo County,Total Perinatal Deaths,October 2025,11
9193,Isiolo County,Total Perinatal Deaths,November 2025,12
9194,Isiolo County,Total Perinatal Deaths,December 2025,20
9195,Isiolo County,Total Perinatal Deaths,January 2026,6
9196,Isiolo County,Total Perinatal Deaths,February 2026,16
9197,Isiolo County,Total Perinatal Deaths,March 2026,11
9198,Isiolo County,Total Perinatal Deaths,April 2026,5
9199,Kajiado County,Total Perinatal Deaths,May 2025,66
9200,Kajiado County,Total Perinatal Deaths,June 2025,75
9201,Kajiado County,Total Perinatal Deaths,July 2025,62
9202,Kajiado County,Total Perinatal Deaths,August 2025,65
9203,Kajiado County,Total Perinatal Deaths,September 2025,47
9204,Kajiado County,Total Perinatal Deaths,October 2025,65
9205,Kajiado County,Total Perinatal Deaths,November 2025,53
9206,Kajiado County,Total Perinatal Deaths,December 2025,61
9207,Kajiado County,Total Perinatal Deaths,January 2026,59
9208,Kajiado County,Total Perinatal Deaths,February 2026,41
9209,Kajiado County,Total Perinatal Deaths,March 2026,72
9210,Kajiado County,Total Perinatal Deaths,April 2026,81
9211,Kakamega County,Total Perinatal Deaths,May 2025,69
9212,Kakamega County,Total Perinatal Deaths,June 2025,75
9213,Kakamega County,Total Perinatal Deaths,July 2025,113
9214,Kakamega County,Total Perinatal Deaths,August 2025,97
9215,Kakamega County,Total Perinatal Deaths,September 2025,102
9216,Kakamega County,Total Perinatal Deaths,October 2025,104
9217,Kakamega County,Total Perinatal Deaths,November 2025,94
9218,Kakamega County,Total Perinatal Deaths,December 2025,99
9219,Kakamega County,Total Perinatal Deaths,January 2026,94
9220,Kakamega County,Total Perinatal Deaths,February 2026,97
9221,Kakamega County,Total Perinatal Deaths,March 2026,112
9222,Kakamega County,Total Perinatal Deaths,April 2026,94
9223,Kericho County,Total Perinatal Deaths,May 2025,67
9224,Kericho County,Total Perinatal Deaths,June 2025,55
9225,Kericho County,Total Perinatal Deaths,July 2025,41
9226,Kericho County,Total Perinatal Deaths,August 2025,34
9227,Kericho County,Total Perinatal Deaths,September 2025,35
9228,Kericho County,Total Perinatal Deaths,October 2025,53
9229,Kericho County,Total Perinatal Deaths,November 2025,60
9230,Kericho County,Total Perinatal Deaths,December 2025,50
9231,Kericho County,Total Perinatal Deaths,January 2026,40
9232,Kericho County,Total Perinatal Deaths,February 2026,51
9233,Kericho County,Total Perinatal Deaths,March 2026,55
9234,Kericho County,Total Perinatal Deaths,April 2026,43
9235,Kiambu County,Total Perinatal Deaths,May 2025,95
9236,Kiambu County,Total Perinatal Deaths,June 2025,90
9237,Kiambu County,Total Perinatal Deaths,July 2025,91
9238,Kiambu County,Total Perinatal Deaths,August 2025,95
9239,Kiambu County,Total Perinatal Deaths,September 2025,110
9240,Kiambu County,Total Perinatal Deaths,October 2025,96
9241,Kiambu County,Total Perinatal Deaths,November 2025,100
9242,Kiambu County,Total Perinatal Deaths,December 2025,101
9243,Kiambu County,Total Perinatal Deaths,January 2026,87
9244,Kiambu County,Total Perinatal Deaths,February 2026,91
9245,Kiambu County,Total Perinatal Deaths,March 2026,88
9246,Kiambu County,Total Perinatal Deaths,April 2026,103
9247,Kilifi County,Total Perinatal Deaths,May 2025,109
9248,Kilifi County,Total Perinatal Deaths,June 2025,104
9249,Kilifi County,Total Perinatal Deaths,July 2025,89
9250,Kilifi County,Total Perinatal Deaths,August 2025,81
9251,Kilifi County,Total Perinatal Deaths,September 2025,70
9252,Kilifi County,Total Perinatal Deaths,October 2025,100
9253,Kilifi County,Total Perinatal Deaths,November 2025,89
9254,Kilifi County,Total Perinatal Deaths,December 2025,80
9255,Kilifi County,Total Perinatal Deaths,January 2026,137
9256,Kilifi County,Total Perinatal Deaths,February 2026,93
9257,Kilifi County,Total Perinatal Deaths,March 2026,94
9258,Kilifi County,Total Perinatal Deaths,April 2026,146
9259,Kirinyaga County,Total Perinatal Deaths,May 2025,21
9260,Kirinyaga County,Total Perinatal Deaths,June 2025,26
9261,Kirinyaga County,Total Perinatal Deaths,July 2025,31
9262,Kirinyaga County,Total Perinatal Deaths,August 2025,24
9263,Kirinyaga County,Total Perinatal Deaths,September 2025,26
9264,Kirinyaga County,Total Perinatal Deaths,October 2025,44
9265,Kirinyaga County,Total Perinatal Deaths,November 2025,20
9266,Kirinyaga County,Total Perinatal Deaths,December 2025,30
9267,Kirinyaga County,Total Perinatal Deaths,January 2026,22
9268,Kirinyaga County,Total Perinatal Deaths,February 2026,22
9269,Kirinyaga County,Total Perinatal Deaths,March 2026,33
9270,Kirinyaga County,Total Perinatal Deaths,April 2026,29
9271,Kisii County,Total Perinatal Deaths,May 2025,37
9272,Kisii County,Total Perinatal Deaths,June 2025,35
9273,Kisii County,Total Perinatal Deaths,July 2025,43
9274,Kisii County,Total Perinatal Deaths,August 2025,28
9275,Kisii County,Total Perinatal Deaths,September 2025,33
9276,Kisii County,Total Perinatal Deaths,October 2025,32
9277,Kisii County,Total Perinatal Deaths,November 2025,30
9278,Kisii County,Total Perinatal Deaths,December 2025,31
9279,Kisii County,Total Perinatal Deaths,January 2026,19
9280,Kisii County,Total Perinatal Deaths,February 2026,30
9281,Kisii County,Total Perinatal Deaths,March 2026,28
9282,Kisii County,Total Perinatal Deaths,April 2026,42
9283,Kisumu County,Total Perinatal Deaths,May 2025,55
9284,Kisumu County,Total Perinatal Deaths,June 2025,85
9285,Kisumu County,Total Perinatal Deaths,July 2025,86
9286,Kisumu County,Total Perinatal Deaths,August 2025,67
9287,Kisumu County,Total Perinatal Deaths,September 2025,43
9288,Kisumu County,Total Perinatal Deaths,October 2025,73
9289,Kisumu County,Total Perinatal Deaths,November 2025,81
9290,Kisumu County,Total Perinatal Deaths,December 2025,68
9291,Kisumu County,Total Perinatal Deaths,January 2026,66
9292,Kisumu County,Total Perinatal Deaths,February 2026,62
9293,Kisumu County,Total Perinatal Deaths,March 2026,79
9294,Kisumu County,Total Perinatal Deaths,April 2026,41
9295,Kitui County,Total Perinatal Deaths,May 2025,64
9296,Kitui County,Total Perinatal Deaths,June 2025,49
9297,Kitui County,Total Perinatal Deaths,July 2025,56
9298,Kitui County,Total Perinatal Deaths,August 2025,39
9299,Kitui County,Total Perinatal Deaths,September 2025,53
9300,Kitui County,Total Perinatal Deaths,October 2025,72
9301,Kitui County,Total Perinatal Deaths,November 2025,51
9302,Kitui County,Total Perinatal Deaths,December 2025,50
9303,Kitui County,Total Perinatal Deaths,January 2026,62
9304,Kitui County,Total Perinatal Deaths,February 2026,61
9305,Kitui County,Total Perinatal Deaths,March 2026,68
9306,Kitui County,Total Perinatal Deaths,April 2026,72
9307,Kwale County,Total Perinatal Deaths,May 2025,51
9308,Kwale County,Total Perinatal Deaths,June 2025,54
9309,Kwale County,Total Perinatal Deaths,July 2025,46
9310,Kwale County,Total Perinatal Deaths,August 2025,37
9311,Kwale County,Total Perinatal Deaths,September 2025,44
9312,Kwale County,Total Perinatal Deaths,October 2025,56
9313,Kwale County,Total Perinatal Deaths,November 2025,60
9314,Kwale County,Total Perinatal Deaths,December 2025,71
9315,Kwale County,Total Perinatal Deaths,January 2026,62
9316,Kwale County,Total Perinatal Deaths,February 2026,41
9317,Kwale County,Total Perinatal Deaths,March 2026,82
9318,Kwale County,Total Perinatal Deaths,April 2026,69
9319,Laikipia County,Total Perinatal Deaths,May 2025,78
9320,Laikipia County,Total Perinatal Deaths,June 2025,22
9321,Laikipia County,Total Perinatal Deaths,July 2025,23
9322,Laikipia County,Total Perinatal Deaths,August 2025,32
9323,Laikipia County,Total Perinatal Deaths,September 2025,31
9324,Laikipia County,Total Perinatal Deaths,October 2025,22
9325,Laikipia County,Total Perinatal Deaths,November 2025,30
9326,Laikipia County,Total Perinatal Deaths,December 2025,29
9327,Laikipia County,Total Perinatal Deaths,January 2026,22
9328,Laikipia County,Total Perinatal Deaths,February 2026,23
9329,Laikipia County,Total Perinatal Deaths,March 2026,23
9330,Laikipia County,Total Perinatal Deaths,April 2026,27
9331,Lamu County,Total Perinatal Deaths,May 2025,12
9332,Lamu County,Total Perinatal Deaths,June 2025,7
9333,Lamu County,Total Perinatal Deaths,July 2025,8
9334,Lamu County,Total Perinatal Deaths,August 2025,12
9335,Lamu County,Total Perinatal Deaths,September 2025,9
9336,Lamu County,Total Perinatal Deaths,October 2025,14
9337,Lamu County,Total Perinatal Deaths,November 2025,12
9338,Lamu County,Total Perinatal Deaths,December 2025,9
9339,Lamu County,Total Perinatal Deaths,January 2026,7
9340,Lamu County,Total Perinatal Deaths,February 2026,9
9341,Lamu County,Total Perinatal Deaths,March 2026,8
9342,Lamu County,Total Perinatal Deaths,April 2026,6
9343,Machakos County,Total Perinatal Deaths,May 2025,32
9344,Machakos County,Total Perinatal Deaths,June 2025,35
9345,Machakos County,Total Perinatal Deaths,July 2025,37
9346,Machakos County,Total Perinatal Deaths,August 2025,28
9347,Machakos County,Total Perinatal Deaths,September 2025,27
9348,Machakos County,Total Perinatal Deaths,October 2025,38
9349,Machakos County,Total Perinatal Deaths,November 2025,33
9350,Machakos County,Total Perinatal Deaths,December 2025,34
9351,Machakos County,Total Perinatal Deaths,January 2026,32
9352,Machakos County,Total Perinatal Deaths,February 2026,33
9353,Machakos County,Total Perinatal Deaths,March 2026,34
9354,Machakos County,Total Perinatal Deaths,April 2026,40
9355,Makueni County,Total Perinatal Deaths,May 2025,55
9356,Makueni County,Total Perinatal Deaths,June 2025,35
9357,Makueni County,Total Perinatal Deaths,July 2025,39
9358,Makueni County,Total Perinatal Deaths,August 2025,46
9359,Makueni County,Total Perinatal Deaths,September 2025,30
9360,Makueni County,Total Perinatal Deaths,October 2025,27
9361,Makueni County,Total Perinatal Deaths,November 2025,32
9362,Makueni County,Total Perinatal Deaths,December 2025,26
9363,Makueni County,Total Perinatal Deaths,January 2026,38
9364,Makueni County,Total Perinatal Deaths,February 2026,28
9365,Makueni County,Total Perinatal Deaths,March 2026,40
9366,Makueni County,Total Perinatal Deaths,April 2026,22
9367,Mandera County,Total Perinatal Deaths,May 2025,35
9368,Mandera County,Total Perinatal Deaths,June 2025,16
9369,Mandera County,Total Perinatal Deaths,July 2025,25
9370,Mandera County,Total Perinatal Deaths,August 2025,41
9371,Mandera County,Total Perinatal Deaths,September 2025,39
9372,Mandera County,Total Perinatal Deaths,October 2025,49
9373,Mandera County,Total Perinatal Deaths,November 2025,41
9374,Mandera County,Total Perinatal Deaths,December 2025,42
9375,Mandera County,Total Perinatal Deaths,January 2026,47
9376,Mandera County,Total Perinatal Deaths,February 2026,31
9377,Mandera County,Total Perinatal Deaths,March 2026,47
9378,Mandera County,Total Perinatal Deaths,April 2026,34
9379,Marsabit County,Total Perinatal Deaths,May 2025,20
9380,Marsabit County,Total Perinatal Deaths,June 2025,13
9381,Marsabit County,Total Perinatal Deaths,July 2025,20
9382,Marsabit County,Total Perinatal Deaths,August 2025,19
9383,Marsabit County,Total Perinatal Deaths,September 2025,23
9384,Marsabit County,Total Perinatal Deaths,October 2025,26
9385,Marsabit County,Total Perinatal Deaths,November 2025,11
9386,Marsabit County,Total Perinatal Deaths,December 2025,28
9387,Marsabit County,Total Perinatal Deaths,January 2026,17
9388,Marsabit County,Total Perinatal Deaths,February 2026,12
9389,Marsabit County,Total Perinatal Deaths,March 2026,19
9390,Marsabit County,Total Perinatal Deaths,April 2026,16
9391,Meru County,Total Perinatal Deaths,May 2025,42
9392,Meru County,Total Perinatal Deaths,June 2025,35
9393,Meru County,Total Perinatal Deaths,July 2025,36
9394,Meru County,Total Perinatal Deaths,August 2025,43
9395,Meru County,Total Perinatal Deaths,September 2025,48
9396,Meru County,Total Perinatal Deaths,October 2025,110
9397,Meru County,Total Perinatal Deaths,November 2025,40
9398,Meru County,Total Perinatal Deaths,December 2025,35
9399,Meru County,Total Perinatal Deaths,January 2026,32
9400,Meru County,Total Perinatal Deaths,February 2026,45
9401,Meru County,Total Perinatal Deaths,March 2026,53
9402,Meru County,Total Perinatal Deaths,April 2026,45
9403,Migori County,Total Perinatal Deaths,May 2025,35
9404,Migori County,Total Perinatal Deaths,June 2025,23
9405,Migori County,Total Perinatal Deaths,July 2025,29
9406,Migori County,Total Perinatal Deaths,August 2025,50
9407,Migori County,Total Perinatal Deaths,September 2025,31
9408,Migori County,Total Perinatal Deaths,October 2025,37
9409,Migori County,Total Perinatal Deaths,November 2025,43
9410,Migori County,Total Perinatal Deaths,December 2025,53
9411,Migori County,Total Perinatal Deaths,January 2026,64
9412,Migori County,Total Perinatal Deaths,February 2026,36
9413,Migori County,Total Perinatal Deaths,March 2026,40
9414,Migori County,Total Perinatal Deaths,April 2026,42
9415,Mombasa County,Total Perinatal Deaths,May 2025,95
9416,Mombasa County,Total Perinatal Deaths,June 2025,74
9417,Mombasa County,Total Perinatal Deaths,July 2025,60
9418,Mombasa County,Total Perinatal Deaths,August 2025,71
9419,Mombasa County,Total Perinatal Deaths,September 2025,66
9420,Mombasa County,Total Perinatal Deaths,October 2025,70
9421,Mombasa County,Total Perinatal Deaths,November 2025,82
9422,Mombasa County,Total Perinatal Deaths,December 2025,57
9423,Mombasa County,Total Perinatal Deaths,January 2026,75
9424,Mombasa County,Total Perinatal Deaths,February 2026,68
9425,Mombasa County,Total Perinatal Deaths,March 2026,107
9426,Mombasa County,Total Perinatal Deaths,April 2026,100
9427,Muranga County,Total Perinatal Deaths,May 2025,26
9428,Muranga County,Total Perinatal Deaths,June 2025,25
9429,Muranga County,Total Perinatal Deaths,July 2025,24
9430,Muranga County,Total Perinatal Deaths,August 2025,31
9431,Muranga County,Total Perinatal Deaths,September 2025,35
9432,Muranga County,Total Perinatal Deaths,October 2025,45
9433,Muranga County,Total Perinatal Deaths,November 2025,30
9434,Muranga County,Total Perinatal Deaths,December 2025,29
9435,Muranga County,Total Perinatal Deaths,January 2026,39
9436,Muranga County,Total Perinatal Deaths,February 2026,36
9437,Muranga County,Total Perinatal Deaths,March 2026,32
9438,Muranga County,Total Perinatal Deaths,April 2026,31
9439,Nairobi County,Total Perinatal Deaths,May 2025,275
9440,Nairobi County,Total Perinatal Deaths,June 2025,276
9441,Nairobi County,Total Perinatal Deaths,July 2025,205
9442,Nairobi County,Total Perinatal Deaths,August 2025,209
9443,Nairobi County,Total Perinatal Deaths,September 2025,219
9444,Nairobi County,Total Perinatal Deaths,October 2025,240
9445,Nairobi County,Total Perinatal Deaths,November 2025,236
9446,Nairobi County,Total Perinatal Deaths,December 2025,248
9447,Nairobi County,Total Perinatal Deaths,January 2026,187
9448,Nairobi County,Total Perinatal Deaths,February 2026,246
9449,Nairobi County,Total Perinatal Deaths,March 2026,270
9450,Nairobi County,Total Perinatal Deaths,April 2026,213
9451,Nakuru County,Total Perinatal Deaths,May 2025,115
9452,Nakuru County,Total Perinatal Deaths,June 2025,94
9453,Nakuru County,Total Perinatal Deaths,July 2025,128
9454,Nakuru County,Total Perinatal Deaths,August 2025,137
9455,Nakuru County,Total Perinatal Deaths,September 2025,182
9456,Nakuru County,Total Perinatal Deaths,October 2025,112
9457,Nakuru County,Total Perinatal Deaths,November 2025,115
9458,Nakuru County,Total Perinatal Deaths,December 2025,105
9459,Nakuru County,Total Perinatal Deaths,January 2026,118
9460,Nakuru County,Total Perinatal Deaths,February 2026,117
9461,Nakuru County,Total Perinatal Deaths,March 2026,120
9462,Nakuru County,Total Perinatal Deaths,April 2026,104
9463,Nandi County,Total Perinatal Deaths,May 2025,34
9464,Nandi County,Total Perinatal Deaths,June 2025,37
9465,Nandi County,Total Perinatal Deaths,July 2025,27
9466,Nandi County,Total Perinatal Deaths,August 2025,44
9467,Nandi County,Total Perinatal Deaths,September 2025,35
9468,Nandi County,Total Perinatal Deaths,October 2025,38
9469,Nandi County,Total Perinatal Deaths,November 2025,24
9470,Nandi County,Total Perinatal Deaths,December 2025,37
9471,Nandi County,Total Perinatal Deaths,January 2026,53
9472,Nandi County,Total Perinatal Deaths,February 2026,28
9473,Nandi County,Total Perinatal Deaths,March 2026,29
9474,Nandi County,Total Perinatal Deaths,April 2026,32
9475,Narok County,Total Perinatal Deaths,May 2025,52
9476,Narok County,Total Perinatal Deaths,June 2025,37
9477,Narok County,Total Perinatal Deaths,July 2025,50
9478,Narok County,Total Perinatal Deaths,August 2025,63
9479,Narok County,Total Perinatal Deaths,September 2025,27
9480,Narok County,Total Perinatal Deaths,October 2025,40
9481,Narok County,Total Perinatal Deaths,November 2025,41
9482,Narok County,Total Perinatal Deaths,December 2025,61
9483,Narok County,Total Perinatal Deaths,January 2026,35
9484,Narok County,Total Perinatal Deaths,February 2026,66
9485,Narok County,Total Perinatal Deaths,March 2026,38
9486,Narok County,Total Perinatal Deaths,April 2026,38
9487,Nyamira County,Total Perinatal Deaths,May 2025,7
9488,Nyamira County,Total Perinatal Deaths,June 2025,8
9489,Nyamira County,Total Perinatal Deaths,July 2025,17
9490,Nyamira County,Total Perinatal Deaths,August 2025,13
9491,Nyamira County,Total Perinatal Deaths,September 2025,12
9492,Nyamira County,Total Perinatal Deaths,October 2025,20
9493,Nyamira County,Total Perinatal Deaths,November 2025,6
9494,Nyamira County,Total Perinatal Deaths,December 2025,17
9495,Nyamira County,Total Perinatal Deaths,January 2026,11
9496,Nyamira County,Total Perinatal Deaths,February 2026,17
9497,Nyamira County,Total Perinatal Deaths,March 2026,11
9498,Nyamira County,Total Perinatal Deaths,April 2026,21
9499,Nyandarua County,Total Perinatal Deaths,May 2025,11
9500,Nyandarua County,Total Perinatal Deaths,June 2025,10
9501,Nyandarua County,Total Perinatal Deaths,July 2025,7
9502,Nyandarua County,Total Perinatal Deaths,August 2025,9
9503,Nyandarua County,Total Perinatal Deaths,September 2025,16
9504,Nyandarua County,Total Perinatal Deaths,October 2025,18
9505,Nyandarua County,Total Perinatal Deaths,November 2025,11
9506,Nyandarua County,Total Perinatal Deaths,December 2025,23
9507,Nyandarua County,Total Perinatal Deaths,January 2026,14
9508,Nyandarua County,Total Perinatal Deaths,February 2026,8
9509,Nyandarua County,Total Perinatal Deaths,March 2026,15
9510,Nyandarua County,Total Perinatal Deaths,April 2026,4
9511,Nyeri County,Total Perinatal Deaths,May 2025,19
9512,Nyeri County,Total Perinatal Deaths,June 2025,18
9513,Nyeri County,Total Perinatal Deaths,July 2025,26
9514,Nyeri County,Total Perinatal Deaths,August 2025,21
9515,Nyeri County,Total Perinatal Deaths,September 2025,26
9516,Nyeri County,Total Perinatal Deaths,October 2025,24
9517,Nyeri County,Total Perinatal Deaths,November 2025,25
9518,Nyeri County,Total Perinatal Deaths,December 2025,27
9519,Nyeri County,Total Perinatal Deaths,January 2026,25
9520,Nyeri County,Total Perinatal Deaths,February 2026,31
9521,Nyeri County,Total Perinatal Deaths,March 2026,25
9522,Nyeri County,Total Perinatal Deaths,April 2026,26
9523,Samburu County,Total Perinatal Deaths,May 2025,12
9524,Samburu County,Total Perinatal Deaths,June 2025,15
9525,Samburu County,Total Perinatal Deaths,July 2025,9
9526,Samburu County,Total Perinatal Deaths,August 2025,9
9527,Samburu County,Total Perinatal Deaths,September 2025,11
9528,Samburu County,Total Perinatal Deaths,November 2025,11
9529,Samburu County,Total Perinatal Deaths,December 2025,4
9530,Samburu County,Total Perinatal Deaths,January 2026,9
9531,Samburu County,Total Perinatal Deaths,February 2026,3
9532,Samburu County,Total Perinatal Deaths,March 2026,19
9533,Samburu County,Total Perinatal Deaths,April 2026,13
9534,Siaya County,Total Perinatal Deaths,May 2025,41
9535,Siaya County,Total Perinatal Deaths,June 2025,25
9536,Siaya County,Total Perinatal Deaths,July 2025,35
9537,Siaya County,Total Perinatal Deaths,August 2025,48
9538,Siaya County,Total Perinatal Deaths,September 2025,32
9539,Siaya County,Total Perinatal Deaths,October 2025,25
9540,Siaya County,Total Perinatal Deaths,November 2025,30
9541,Siaya County,Total Perinatal Deaths,December 2025,33
9542,Siaya County,Total Perinatal Deaths,January 2026,42
9543,Siaya County,Total Perinatal Deaths,February 2026,32
9544,Siaya County,Total Perinatal Deaths,March 2026,38
9545,Siaya County,Total Perinatal Deaths,April 2026,38
9546,Taita Taveta County,Total Perinatal Deaths,May 2025,17
9547,Taita Taveta County,Total Perinatal Deaths,June 2025,14
9548,Taita Taveta County,Total Perinatal Deaths,July 2025,18
9549,Taita Taveta County,Total Perinatal Deaths,August 2025,14
9550,Taita Taveta County,Total Perinatal Deaths,September 2025,24
9551,Taita Taveta County,Total Perinatal Deaths,October 2025,13
9552,Taita Taveta County,Total Perinatal Deaths,November 2025,12
9553,Taita Taveta County,Total Perinatal Deaths,December 2025,9
9554,Taita Taveta County,Total Perinatal Deaths,January 2026,10
9555,Taita Taveta County,Total Perinatal Deaths,February 2026,12
9556,Taita Taveta County,Total Perinatal Deaths,March 2026,12
9557,Taita Taveta County,Total Perinatal Deaths,April 2026,16
9558,Tana River County,Total Perinatal Deaths,May 2025,22
9559,Tana River County,Total Perinatal Deaths,June 2025,27
9560,Tana River County,Total Perinatal Deaths,July 2025,28
9561,Tana River County,Total Perinatal Deaths,August 2025,16
9562,Tana River County,Total Perinatal Deaths,September 2025,14
9563,Tana River County,Total Perinatal Deaths,October 2025,17
9564,Tana River County,Total Perinatal Deaths,November 2025,29
9565,Tana River County,Total Perinatal Deaths,December 2025,20
9566,Tana River County,Total Perinatal Deaths,January 2026,16
9567,Tana River County,Total Perinatal Deaths,February 2026,22
9568,Tana River County,Total Perinatal Deaths,March 2026,32
9569,Tana River County,Total Perinatal Deaths,April 2026,12
9570,Tharaka Nithi County,Total Perinatal Deaths,May 2025,14
9571,Tharaka Nithi County,Total Perinatal Deaths,June 2025,10
9572,Tharaka Nithi County,Total Perinatal Deaths,July 2025,10
9573,Tharaka Nithi County,Total Perinatal Deaths,August 2025,8
9574,Tharaka Nithi County,Total Perinatal Deaths,September 2025,12
9575,Tharaka Nithi County,Total Perinatal Deaths,October 2025,13
9576,Tharaka Nithi County,Total Perinatal Deaths,November 2025,11
9577,Tharaka Nithi County,Total Perinatal Deaths,December 2025,12
9578,Tharaka Nithi County,Total Perinatal Deaths,January 2026,18
9579,Tharaka Nithi County,Total Perinatal Deaths,February 2026,16
9580,Tharaka Nithi County,Total Perinatal Deaths,March 2026,11
9581,Tharaka Nithi County,Total Perinatal Deaths,April 2026,11
9582,Trans Nzoia County,Total Perinatal Deaths,May 2025,63
9583,Trans Nzoia County,Total Perinatal Deaths,June 2025,61
9584,Trans Nzoia County,Total Perinatal Deaths,July 2025,86
9585,Trans Nzoia County,Total Perinatal Deaths,August 2025,40
9586,Trans Nzoia County,Total Perinatal Deaths,September 2025,29
9587,Trans Nzoia County,Total Perinatal Deaths,October 2025,44
9588,Trans Nzoia County,Total Perinatal Deaths,November 2025,53
9589,Trans Nzoia County,Total Perinatal Deaths,December 2025,42
9590,Trans Nzoia County,Total Perinatal Deaths,January 2026,57
9591,Trans Nzoia County,Total Perinatal Deaths,February 2026,49
9592,Trans Nzoia County,Total Perinatal Deaths,March 2026,66
9593,Trans Nzoia County,Total Perinatal Deaths,April 2026,73
9594,Turkana County,Total Perinatal Deaths,May 2025,36
9595,Turkana County,Total Perinatal Deaths,June 2025,39
9596,Turkana County,Total Perinatal Deaths,July 2025,24
9597,Turkana County,Total Perinatal Deaths,August 2025,40
9598,Turkana County,Total Perinatal Deaths,September 2025,34
9599,Turkana County,Total Perinatal Deaths,October 2025,31
9600,Turkana County,Total Perinatal Deaths,November 2025,26
9601,Turkana County,Total Perinatal Deaths,December 2025,41
9602,Turkana County,Total Perinatal Deaths,January 2026,33
9603,Turkana County,Total Perinatal Deaths,February 2026,46
9604,Turkana County,Total Perinatal Deaths,March 2026,28
9605,Turkana County,Total Perinatal Deaths,April 2026,56
9606,Uasin Gishu County,Total Perinatal Deaths,May 2025,39
9607,Uasin Gishu County,Total Perinatal Deaths,June 2025,42
9608,Uasin Gishu County,Total Perinatal Deaths,July 2025,46
9609,Uasin Gishu County,Total Perinatal Deaths,August 2025,59
9610,Uasin Gishu County,Total Perinatal Deaths,September 2025,57
9611,Uasin Gishu County,Total Perinatal Deaths,October 2025,50
9612,Uasin Gishu County,Total Perinatal Deaths,November 2025,37
9613,Uasin Gishu County,Total Perinatal Deaths,December 2025,53
9614,Uasin Gishu County,Total Perinatal Deaths,January 2026,66
9615,Uasin Gishu County,Total Perinatal Deaths,February 2026,55
9616,Uasin Gishu County,Total Perinatal Deaths,March 2026,45
9617,Uasin Gishu County,Total Perinatal Deaths,April 2026,53
9618,Vihiga County,Total Perinatal Deaths,May 2025,22
9619,Vihiga County,Total Perinatal Deaths,June 2025,17
9620,Vihiga County,Total Perinatal Deaths,July 2025,19
9621,Vihiga County,Total Perinatal Deaths,August 2025,26
9622,Vihiga County,Total Perinatal Deaths,September 2025,16
9623,Vihiga County,Total Perinatal Deaths,October 2025,19
9624,Vihiga County,Total Perinatal Deaths,November 2025,13
9625,Vihiga County,Total Perinatal Deaths,December 2025,21
9626,Vihiga County,Total Perinatal Deaths,January 2026,26
9627,Vihiga County,Total Perinatal Deaths,February 2026,12
9628,Vihiga County,Total Perinatal Deaths,March 2026,20
9629,Vihiga County,Total Perinatal Deaths,April 2026,32
9630,Wajir County,Total Perinatal Deaths,May 2025,43
9631,Wajir County,Total Perinatal Deaths,June 2025,32
9632,Wajir County,Total Perinatal Deaths,July 2025,32
9633,Wajir County,Total Perinatal Deaths,August 2025,18
9634,Wajir County,Total Perinatal Deaths,September 2025,27
9635,Wajir County,Total Perinatal Deaths,October 2025,28
9636,Wajir County,Total Perinatal Deaths,November 2025,24
9637,Wajir County,Total Perinatal Deaths,December 2025,27
9638,Wajir County,Total Perinatal Deaths,January 2026,30
9639,Wajir County,Total Perinatal Deaths,February 2026,20
9640,Wajir County,Total Perinatal Deaths,March 2026,30
9641,Wajir County,Total Perinatal Deaths,April 2026,33
9642,West Pokot County,Total Perinatal Deaths,May 2025,30
9643,West Pokot County,Total Perinatal Deaths,June 2025,49
9644,West Pokot County,Total Perinatal Deaths,July 2025,44
9645,West Pokot County,Total Perinatal Deaths,August 2025,69
9646,West Pokot County,Total Perinatal Deaths,September 2025,57
9647,West Pokot County,Total Perinatal Deaths,October 2025,57
9648,West Pokot County,Total Perinatal Deaths,November 2025,52
9649,West Pokot County,Total Perinatal Deaths,December 2025,65
9650,West Pokot County,Total Perinatal Deaths,January 2026,62
9651,West Pokot County,Total Perinatal Deaths,February 2026,80
9652,West Pokot County,Total Perinatal Deaths,March 2026,75
9653,West Pokot County,Total Perinatal Deaths,April 2026,70
9654,Migori County,MOH 711 Rev 2020_Maternal deaths 25+ Years,August 2025,1
9655,Trans Nzoia County,MOH 711 Rev 2020_Maternal deaths 25+ Years,March 2026,1
9656,Migori County,MOH 711 Rev 2020_Maternal deaths 25+ Years,September 2025,4
9657,Trans Nzoia County,MOH 711 Rev 2020_Maternal deaths 25+ Years,February 2026,1
9658,Trans Nzoia County,MOH 711 Rev 2020_Maternal deaths 25+ Years,January 2026,1
9659,Migori County,MOH 711 Rev 2020_Maternal deaths 25+ Years,July 2025,3
9660,Trans Nzoia County,MOH 711 Rev 2020_Maternal deaths 25+ Years,April 2026,1
9661,Mombasa County,MOH 711 Rev 2020_Maternal deaths 25+ Years,April 2026,1
9662,Uasin Gishu County,MOH 711 Rev 2020_Maternal deaths 25+ Years,October 2025,2
9663,Mombasa County,MOH 711 Rev 2020_Maternal deaths 25+ Years,March 2026,6
9664,Kericho County,MOH 711 Rev 2020_Maternal deaths 25+ Years,November 2025,1
9665,Kericho County,MOH 711 Rev 2020_Maternal deaths 25+ Years,December 2025,1
9666,Mombasa County,MOH 711 Rev 2020_Maternal deaths 25+ Years,January 2026,3
9667,Kericho County,MOH 711 Rev 2020_Maternal deaths 25+ Years,October 2025,2
9668,Embu County,MOH 711 Rev 2020_Maternal deaths 25+ Years,April 2026,2
9669,Isiolo County,MOH 711 Rev 2020_Maternal deaths 25+ Years,February 2026,1
9670,Tharaka Nithi County,MOH 711 Rev 2020_Maternal deaths 25+ Years,October 2025,1
9671,Isiolo County,MOH 711 Rev 2020_Maternal deaths 25+ Years,April 2026,4
9672,Isiolo County,MOH 711 Rev 2020_Maternal deaths 25+ Years,March 2026,1
9673,Lamu County,MOH 711 Rev 2020_Maternal deaths 25+ Years,December 2025,1
9674,Lamu County,MOH 711 Rev 2020_Maternal deaths 25+ Years,November 2025,1
9675,Meru County,MOH 711 Rev 2020_Maternal deaths 25+ Years,December 2025,2
9676,Nandi County,MOH 711 Rev 2020_Maternal deaths 25+ Years,February 2026,1
9677,Embu County,MOH 711 Rev 2020_Maternal deaths 25+ Years,January 2026,2
9678,Nyandarua County,MOH 711 Rev 2020_Maternal deaths 25+ Years,February 2026,1
9679,Vihiga County,MOH 711 Rev 2020_Maternal deaths 25+ Years,August 2025,1
9680,Embu County,MOH 711 Rev 2020_Maternal deaths 25+ Years,February 2026,2
9681,Vihiga County,MOH 711 Rev 2020_Maternal deaths 25+ Years,July 2025,3
9682,Mandera County,MOH 711 Rev 2020_Maternal deaths 25+ Years,January 2026,2
9683,Vihiga County,MOH 711 Rev 2020_Maternal deaths 25+ Years,June 2025,1
9684,Vihiga County,MOH 711 Rev 2020_Maternal deaths 25+ Years,October 2025,2
9685,Lamu County,MOH 711 Rev 2020_Maternal deaths 25+ Years,June 2025,1
9686,Migori County,MOH 711 Rev 2020_Maternal deaths 25+ Years,November 2025,1
9687,Kericho County,MOH 711 Rev 2020_Maternal deaths 25+ Years,May 2025,2
9688,Migori County,MOH 711 Rev 2020_Maternal deaths 25+ Years,December 2025,8
9689,Kitui County,MOH 711 Rev 2020_Maternal deaths 25+ Years,March 2026,1
9690,Kitui County,MOH 711 Rev 2020_Maternal deaths 25+ Years,April 2026,1
9691,Kitui County,MOH 711 Rev 2020_Maternal deaths 25+ Years,January 2026,2
9692,Kitui County,MOH 711 Rev 2020_Maternal deaths 25+ Years,February 2026,1
9693,Migori County,MOH 711 Rev 2020_Maternal deaths 25+ Years,October 2025,4
9694,Kericho County,MOH 711 Rev 2020_Maternal deaths 25+ Years,August 2025,1
9695,Kericho County,MOH 711 Rev 2020_Maternal deaths 25+ Years,September 2025,1
9696,Tana River County,MOH 711 Rev 2020_Maternal deaths 25+ Years,September 2025,2
9697,Tharaka Nithi County,MOH 711 Rev 2020_Maternal deaths 25+ Years,August 2025,1
9698,Tana River County,MOH 711 Rev 2020_Maternal deaths 25+ Years,June 2025,1
9699,Tana River County,MOH 711 Rev 2020_Maternal deaths 25+ Years,November 2025,3
9700,Tana River County,MOH 711 Rev 2020_Maternal deaths 25+ Years,October 2025,1
9701,Migori County,MOH 711 Rev 2020_Maternal deaths 25+ Years,March 2026,1
9702,Migori County,MOH 711 Rev 2020_Maternal deaths 25+ Years,April 2026,3
9703,Trans Nzoia County,MOH 711 Rev 2020_Maternal deaths 25+ Years,July 2025,2
9704,Baringo County,MOH 711 Rev 2020_Maternal deaths 25+ Years,May 2025,1
9705,Trans Nzoia County,MOH 711 Rev 2020_Maternal deaths 25+ Years,May 2025,1
9706,Migori County,MOH 711 Rev 2020_Maternal deaths 25+ Years,January 2026,1
9707,Migori County,MOH 711 Rev 2020_Maternal deaths 25+ Years,February 2026,1
9708,Embu County,MOH 711 Rev 2020_Maternal deaths 25+ Years,May 2025,1
9709,West Pokot County,MOH 711 Rev 2020_Maternal deaths 25+ Years,February 2026,4
9710,West Pokot County,MOH 711 Rev 2020_Maternal deaths 25+ Years,April 2026,1
9711,Embu County,MOH 711 Rev 2020_Maternal deaths 25+ Years,September 2025,1
9712,West Pokot County,MOH 711 Rev 2020_Maternal deaths 25+ Years,January 2026,3
9713,Kisii County,MOH 711 Rev 2020_Maternal deaths 25+ Years,December 2025,1
9714,Kisii County,MOH 711 Rev 2020_Maternal deaths 25+ Years,October 2025,1
9715,Kitui County,MOH 711 Rev 2020_Maternal deaths 25+ Years,August 2025,1
9716,Kitui County,MOH 711 Rev 2020_Maternal deaths 25+ Years,September 2025,2
9717,Kitui County,MOH 711 Rev 2020_Maternal deaths 25+ Years,June 2025,2
9718,Kitui County,MOH 711 Rev 2020_Maternal deaths 25+ Years,July 2025,1
9719,Lamu County,MOH 711 Rev 2020_Maternal deaths 25+ Years,March 2026,1
9720,Kakamega County,MOH 711 Rev 2020_Maternal deaths 25+ Years,March 2026,2
9721,Siaya County,MOH 711 Rev 2020_Maternal deaths 25+ Years,March 2026,1
9722,Kakamega County,MOH 711 Rev 2020_Maternal deaths 25+ Years,February 2026,2
9723,Kitui County,MOH 711 Rev 2020_Maternal deaths 25+ Years,May 2025,2
9724,Kakamega County,MOH 711 Rev 2020_Maternal deaths 25+ Years,April 2026,2
9725,Siaya County,MOH 711 Rev 2020_Maternal deaths 25+ Years,February 2026,1
9726,Uasin Gishu County,MOH 711 Rev 2020_Maternal deaths 25+ Years,May 2025,2
9727,Uasin Gishu County,MOH 711 Rev 2020_Maternal deaths 25+ Years,June 2025,2
9728,Uasin Gishu County,MOH 711 Rev 2020_Maternal deaths 25+ Years,August 2025,2
9729,Tharaka Nithi County,MOH 711 Rev 2020_Maternal deaths 25+ Years,March 2026,1
9730,Tharaka Nithi County,MOH 711 Rev 2020_Maternal deaths 25+ Years,February 2026,1
9731,Tharaka Nithi County,MOH 711 Rev 2020_Maternal deaths 25+ Years,April 2026,2
9732,Baringo County,MOH 711 Rev 2020_Maternal deaths 25+ Years,February 2026,2
9733,Garissa County,MOH 711 Rev 2020_Maternal deaths 25+ Years,May 2025,1
9734,Baringo County,MOH 711 Rev 2020_Maternal deaths 25+ Years,March 2026,1
9735,Baringo County,MOH 711 Rev 2020_Maternal deaths 25+ Years,April 2026,2
9736,Garissa County,MOH 711 Rev 2020_Maternal deaths 25+ Years,July 2025,3
9737,Narok County,MOH 711 Rev 2020_Maternal deaths 25+ Years,March 2026,1
9738,Garissa County,MOH 711 Rev 2020_Maternal deaths 25+ Years,June 2025,2
9739,Narok County,MOH 711 Rev 2020_Maternal deaths 25+ Years,April 2026,1
9740,Kitui County,MOH 711 Rev 2020_Maternal deaths 25+ Years,December 2025,2
9741,Baringo County,MOH 711 Rev 2020_Maternal deaths 25+ Years,January 2026,1
9742,Kitui County,MOH 711 Rev 2020_Maternal deaths 25+ Years,October 2025,1
9743,Marsabit County,MOH 711 Rev 2020_Maternal deaths 25+ Years,March 2026,1
9744,Muranga County,MOH 711 Rev 2020_Maternal deaths 25+ Years,February 2026,1
9745,West Pokot County,MOH 711 Rev 2020_Maternal deaths 25+ Years,June 2025,1
9746,Homa Bay County,MOH 711 Rev 2020_Maternal deaths 25+ Years,May 2025,1
9747,Marsabit County,MOH 711 Rev 2020_Maternal deaths 25+ Years,February 2026,1
9748,Marsabit County,MOH 711 Rev 2020_Maternal deaths 25+ Years,January 2026,1
9749,Garissa County,MOH 711 Rev 2020_Maternal deaths 25+ Years,September 2025,2
9750,Garissa County,MOH 711 Rev 2020_Maternal deaths 25+ Years,August 2025,3
9751,Nakuru County,MOH 711 Rev 2020_Maternal deaths 25+ Years,December 2025,3
9752,Nakuru County,MOH 711 Rev 2020_Maternal deaths 25+ Years,November 2025,5
9753,Nakuru County,MOH 711 Rev 2020_Maternal deaths 25+ Years,October 2025,3
9754,West Pokot County,MOH 711 Rev 2020_Maternal deaths 25+ Years,September 2025,3
9755,Laikipia County,MOH 711 Rev 2020_Maternal deaths 25+ Years,April 2026,1
9756,Machakos County,MOH 711 Rev 2020_Maternal deaths 25+ Years,October 2025,2
9757,Nyeri County,MOH 711 Rev 2020_Maternal deaths 25+ Years,December 2025,2
9758,Machakos County,MOH 711 Rev 2020_Maternal deaths 25+ Years,November 2025,1
9759,Machakos County,MOH 711 Rev 2020_Maternal deaths 25+ Years,December 2025,1
9760,Nyeri County,MOH 711 Rev 2020_Maternal deaths 25+ Years,November 2025,1
9761,Busia County,MOH 711 Rev 2020_Maternal deaths 25+ Years,November 2025,1
9762,Busia County,MOH 711 Rev 2020_Maternal deaths 25+ Years,December 2025,1
9763,Busia County,MOH 711 Rev 2020_Maternal deaths 25+ Years,October 2025,2
9764,Mombasa County,MOH 711 Rev 2020_Maternal deaths 25+ Years,December 2025,4
9765,Mombasa County,MOH 711 Rev 2020_Maternal deaths 25+ Years,November 2025,1
9766,Uasin Gishu County,MOH 711 Rev 2020_Maternal deaths 25+ Years,April 2026,2
9767,Mandera County,MOH 711 Rev 2020_Maternal deaths 25+ Years,October 2025,1
9768,West Pokot County,MOH 711 Rev 2020_Maternal deaths 25+ Years,November 2025,2
9769,Uasin Gishu County,MOH 711 Rev 2020_Maternal deaths 25+ Years,January 2026,4
9770,Homa Bay County,MOH 711 Rev 2020_Maternal deaths 25+ Years,November 2025,2
9771,Uasin Gishu County,MOH 711 Rev 2020_Maternal deaths 25+ Years,February 2026,1
9772,Homa Bay County,MOH 711 Rev 2020_Maternal deaths 25+ Years,December 2025,3
9773,West Pokot County,MOH 711 Rev 2020_Maternal deaths 25+ Years,December 2025,1
9774,Machakos County,MOH 711 Rev 2020_Maternal deaths 25+ Years,July 2025,3
9775,Machakos County,MOH 711 Rev 2020_Maternal deaths 25+ Years,August 2025,2
9776,Embu County,MOH 711 Rev 2020_Maternal deaths 25+ Years,October 2025,3
9777,Machakos County,MOH 711 Rev 2020_Maternal deaths 25+ Years,May 2025,1
9778,Embu County,MOH 711 Rev 2020_Maternal deaths 25+ Years,November 2025,2
9779,Machakos County,MOH 711 Rev 2020_Maternal deaths 25+ Years,June 2025,2
9780,Kiambu County,MOH 711 Rev 2020_Maternal deaths 25+ Years,February 2026,1
9781,Mandera County,MOH 711 Rev 2020_Maternal deaths 25+ Years,December 2025,5
9782,Kiambu County,MOH 711 Rev 2020_Maternal deaths 25+ Years,January 2026,1
9783,Nyeri County,MOH 711 Rev 2020_Maternal deaths 25+ Years,June 2025,1
9784,Machakos County,MOH 711 Rev 2020_Maternal deaths 25+ Years,September 2025,2
9785,Nyeri County,MOH 711 Rev 2020_Maternal deaths 25+ Years,July 2025,1
9786,Nyeri County,MOH 711 Rev 2020_Maternal deaths 25+ Years,August 2025,1
9787,Nyeri County,MOH 711 Rev 2020_Maternal deaths 25+ Years,February 2026,1
9788,Makueni County,MOH 711 Rev 2020_Maternal deaths 25+ Years,October 2025,2
9789,Mandera County,MOH 711 Rev 2020_Maternal deaths 25+ Years,September 2025,2
9790,Laikipia County,MOH 711 Rev 2020_Maternal deaths 25+ Years,December 2025,1
9791,Makueni County,MOH 711 Rev 2020_Maternal deaths 25+ Years,December 2025,2
9792,Laikipia County,MOH 711 Rev 2020_Maternal deaths 25+ Years,October 2025,2
9793,Mombasa County,MOH 711 Rev 2020_Maternal deaths 25+ Years,September 2025,1
9794,Laikipia County,MOH 711 Rev 2020_Maternal deaths 25+ Years,November 2025,1
9795,Mombasa County,MOH 711 Rev 2020_Maternal deaths 25+ Years,August 2025,2
9796,Mombasa County,MOH 711 Rev 2020_Maternal deaths 25+ Years,July 2025,4
9797,Mombasa County,MOH 711 Rev 2020_Maternal deaths 25+ Years,June 2025,4
9798,Mombasa County,MOH 711 Rev 2020_Maternal deaths 25+ Years,May 2025,3
9799,Marsabit County,MOH 711 Rev 2020_Maternal deaths 25+ Years,September 2025,2
9800,Marsabit County,MOH 711 Rev 2020_Maternal deaths 25+ Years,August 2025,1
9801,Kiambu County,MOH 711 Rev 2020_Maternal deaths 25+ Years,October 2025,2
9802,Mombasa County,MOH 711 Rev 2020_Maternal deaths 25+ Years,October 2025,2
9803,Homa Bay County,MOH 711 Rev 2020_Maternal deaths 25+ Years,March 2026,2
9804,Kiambu County,MOH 711 Rev 2020_Maternal deaths 25+ Years,December 2025,1
9805,Homa Bay County,MOH 711 Rev 2020_Maternal deaths 25+ Years,April 2026,1
9806,Kiambu County,MOH 711 Rev 2020_Maternal deaths 25+ Years,November 2025,2
9807,Homa Bay County,MOH 711 Rev 2020_Maternal deaths 25+ Years,January 2026,1
9808,Homa Bay County,MOH 711 Rev 2020_Maternal deaths 25+ Years,February 2026,1
9809,Mandera County,MOH 711 Rev 2020_Maternal deaths 25+ Years,May 2025,1
9810,Laikipia County,MOH 711 Rev 2020_Maternal deaths 25+ Years,May 2025,1
9811,Garissa County,MOH 711 Rev 2020_Maternal deaths 25+ Years,November 2025,4
9812,Laikipia County,MOH 711 Rev 2020_Maternal deaths 25+ Years,June 2025,1
9813,Makueni County,MOH 711 Rev 2020_Maternal deaths 25+ Years,May 2025,2
9814,Kericho County,MOH 711 Rev 2020_Maternal deaths 25+ Years,April 2026,1
9815,Kericho County,MOH 711 Rev 2020_Maternal deaths 25+ Years,February 2026,2
9816,Makueni County,MOH 711 Rev 2020_Maternal deaths 25+ Years,August 2025,3
9817,Garissa County,MOH 711 Rev 2020_Maternal deaths 25+ Years,October 2025,2
9818,Marsabit County,MOH 711 Rev 2020_Maternal deaths 25+ Years,December 2025,1
9819,Kiambu County,MOH 711 Rev 2020_Maternal deaths 25+ Years,July 2025,2
9820,Kiambu County,MOH 711 Rev 2020_Maternal deaths 25+ Years,June 2025,3
9821,Kiambu County,MOH 711 Rev 2020_Maternal deaths 25+ Years,September 2025,3
9822,Kiambu County,MOH 711 Rev 2020_Maternal deaths 25+ Years,August 2025,3
9823,Laikipia County,MOH 711 Rev 2020_Maternal deaths 25+ Years,September 2025,1
9824,Nyeri County,MOH 711 Rev 2020_Maternal deaths 25+ Years,April 2026,1
9825,Kiambu County,MOH 711 Rev 2020_Maternal deaths 25+ Years,May 2025,2
9826,Laikipia County,MOH 711 Rev 2020_Maternal deaths 25+ Years,August 2025,1
9827,Bomet County,MOH 711 Rev 2020_Maternal deaths 25+ Years,May 2025,1
9828,Wajir County,MOH 711 Rev 2020_Maternal deaths 25+ Years,September 2025,2
9829,Bomet County,MOH 711 Rev 2020_Maternal deaths 25+ Years,June 2025,2
9830,Wajir County,MOH 711 Rev 2020_Maternal deaths 25+ Years,August 2025,1
9831,Bomet County,MOH 711 Rev 2020_Maternal deaths 25+ Years,July 2025,1
9832,Bomet County,MOH 711 Rev 2020_Maternal deaths 25+ Years,August 2025,1
9833,Wajir County,MOH 711 Rev 2020_Maternal deaths 25+ Years,May 2025,1
9834,Bungoma County,MOH 711 Rev 2020_Maternal deaths 25+ Years,April 2026,1
9835,Kwale County,MOH 711 Rev 2020_Maternal deaths 25+ Years,July 2025,1
9836,Kwale County,MOH 711 Rev 2020_Maternal deaths 25+ Years,June 2025,3
9837,Kajiado County,MOH 711 Rev 2020_Maternal deaths 25+ Years,June 2025,1
9838,Kwale County,MOH 711 Rev 2020_Maternal deaths 25+ Years,May 2025,2
9839,Kajiado County,MOH 711 Rev 2020_Maternal deaths 25+ Years,May 2025,2
9840,Kilifi County,MOH 711 Rev 2020_Maternal deaths 25+ Years,June 2025,3
9841,Busia County,MOH 711 Rev 2020_Maternal deaths 25+ Years,March 2026,1
9842,Kajiado County,MOH 711 Rev 2020_Maternal deaths 25+ Years,August 2025,1
9843,Kilifi County,MOH 711 Rev 2020_Maternal deaths 25+ Years,May 2025,3
9844,Bungoma County,MOH 711 Rev 2020_Maternal deaths 25+ Years,January 2026,5
9845,Busia County,MOH 711 Rev 2020_Maternal deaths 25+ Years,April 2026,2
9846,Samburu County,MOH 711 Rev 2020_Maternal deaths 25+ Years,January 2026,3
9847,Bungoma County,MOH 711 Rev 2020_Maternal deaths 25+ Years,February 2026,1
9848,Bungoma County,MOH 711 Rev 2020_Maternal deaths 25+ Years,March 2026,7
9849,Kajiado County,MOH 711 Rev 2020_Maternal deaths 25+ Years,September 2025,4
9850,Kwale County,MOH 711 Rev 2020_Maternal deaths 25+ Years,September 2025,1
9851,Kwale County,MOH 711 Rev 2020_Maternal deaths 25+ Years,August 2025,2
9852,Kisumu County,MOH 711 Rev 2020_Maternal deaths 25+ Years,October 2025,2
9853,Kisumu County,MOH 711 Rev 2020_Maternal deaths 25+ Years,November 2025,1
9854,Kisumu County,MOH 711 Rev 2020_Maternal deaths 25+ Years,December 2025,3
9855,Kilifi County,MOH 711 Rev 2020_Maternal deaths 25+ Years,December 2025,6
9856,Kwale County,MOH 711 Rev 2020_Maternal deaths 25+ Years,October 2025,2
9857,Kilifi County,MOH 711 Rev 2020_Maternal deaths 25+ Years,November 2025,9
9858,Kilifi County,MOH 711 Rev 2020_Maternal deaths 25+ Years,October 2025,3
9859,Makueni County,MOH 711 Rev 2020_Maternal deaths 25+ Years,April 2026,1
9860,Nakuru County,MOH 711 Rev 2020_Maternal deaths 25+ Years,April 2026,1
9861,Wajir County,MOH 711 Rev 2020_Maternal deaths 25+ Years,December 2025,1
9862,Muranga County,MOH 711 Rev 2020_Maternal deaths 25+ Years,October 2025,3
9863,Wajir County,MOH 711 Rev 2020_Maternal deaths 25+ Years,November 2025,1
9864,Muranga County,MOH 711 Rev 2020_Maternal deaths 25+ Years,November 2025,1
9865,Wajir County,MOH 711 Rev 2020_Maternal deaths 25+ Years,October 2025,2
9866,Muranga County,MOH 711 Rev 2020_Maternal deaths 25+ Years,December 2025,3
9867,Kwale County,MOH 711 Rev 2020_Maternal deaths 25+ Years,December 2025,2
9868,Muranga County,MOH 711 Rev 2020_Maternal deaths 25+ Years,June 2025,3
9869,Muranga County,MOH 711 Rev 2020_Maternal deaths 25+ Years,July 2025,3
9870,Muranga County,MOH 711 Rev 2020_Maternal deaths 25+ Years,August 2025,3
9871,Muranga County,MOH 711 Rev 2020_Maternal deaths 25+ Years,September 2025,1
9872,Kirinyaga County,MOH 711 Rev 2020_Maternal deaths 25+ Years,February 2026,2
9873,Nakuru County,MOH 711 Rev 2020_Maternal deaths 25+ Years,February 2026,1
9874,Nakuru County,MOH 711 Rev 2020_Maternal deaths 25+ Years,January 2026,5
9875,Kirinyaga County,MOH 711 Rev 2020_Maternal deaths 25+ Years,March 2026,1
9876,Busia County,MOH 711 Rev 2020_Maternal deaths 25+ Years,August 2025,1
9877,Busia County,MOH 711 Rev 2020_Maternal deaths 25+ Years,September 2025,3
9878,Busia County,MOH 711 Rev 2020_Maternal deaths 25+ Years,June 2025,2
9879,Busia County,MOH 711 Rev 2020_Maternal deaths 25+ Years,July 2025,1
9880,Garissa County,MOH 711 Rev 2020_Maternal deaths 25+ Years,January 2026,2
9881,Taita Taveta County,MOH 711 Rev 2020_Maternal deaths 25+ Years,July 2025,2
9882,Garissa County,MOH 711 Rev 2020_Maternal deaths 25+ Years,April 2026,1
9883,Machakos County,MOH 711 Rev 2020_Maternal deaths 25+ Years,February 2026,1
9884,Garissa County,MOH 711 Rev 2020_Maternal deaths 25+ Years,March 2026,2
9885,Machakos County,MOH 711 Rev 2020_Maternal deaths 25+ Years,March 2026,1
9886,Bungoma County,MOH 711 Rev 2020_Maternal deaths 25+ Years,May 2025,2
9887,Kajiado County,MOH 711 Rev 2020_Maternal deaths 25+ Years,March 2026,2
9888,Bungoma County,MOH 711 Rev 2020_Maternal deaths 25+ Years,June 2025,3
9889,Kajiado County,MOH 711 Rev 2020_Maternal deaths 25+ Years,February 2026,5
9890,Bungoma County,MOH 711 Rev 2020_Maternal deaths 25+ Years,July 2025,2
9891,Kwale County,MOH 711 Rev 2020_Maternal deaths 25+ Years,April 2026,3
9892,Narok County,MOH 711 Rev 2020_Maternal deaths 25+ Years,August 2025,3
9893,Bungoma County,MOH 711 Rev 2020_Maternal deaths 25+ Years,August 2025,3
9894,Kajiado County,MOH 711 Rev 2020_Maternal deaths 25+ Years,April 2026,2
9895,Kwale County,MOH 711 Rev 2020_Maternal deaths 25+ Years,March 2026,1
9896,Kilifi County,MOH 711 Rev 2020_Maternal deaths 25+ Years,April 2026,4
9897,Kwale County,MOH 711 Rev 2020_Maternal deaths 25+ Years,February 2026,2
9898,Kilifi County,MOH 711 Rev 2020_Maternal deaths 25+ Years,March 2026,1
9899,Kilifi County,MOH 711 Rev 2020_Maternal deaths 25+ Years,February 2026,4
9900,Kilifi County,MOH 711 Rev 2020_Maternal deaths 25+ Years,January 2026,7
9901,Elgeyo Marakwet County,MOH 711 Rev 2020_Maternal deaths 25+ Years,July 2025,1
9902,Bungoma County,MOH 711 Rev 2020_Maternal deaths 25+ Years,September 2025,1
9903,Narok County,MOH 711 Rev 2020_Maternal deaths 25+ Years,October 2025,3
9904,Bungoma County,MOH 711 Rev 2020_Maternal deaths 25+ Years,October 2025,3
9905,Narok County,MOH 711 Rev 2020_Maternal deaths 25+ Years,November 2025,1
9906,Bungoma County,MOH 711 Rev 2020_Maternal deaths 25+ Years,November 2025,1
9907,Narok County,MOH 711 Rev 2020_Maternal deaths 25+ Years,December 2025,1
9908,Nakuru County,MOH 711 Rev 2020_Maternal deaths 25+ Years,September 2025,4
9909,Nakuru County,MOH 711 Rev 2020_Maternal deaths 25+ Years,August 2025,2
9910,Nakuru County,MOH 711 Rev 2020_Maternal deaths 25+ Years,July 2025,5
9911,Nakuru County,MOH 711 Rev 2020_Maternal deaths 25+ Years,June 2025,3
9912,Nakuru County,MOH 711 Rev 2020_Maternal deaths 25+ Years,May 2025,3
9913,Turkana County,MOH 711 Rev 2020_Maternal deaths 25+ Years,February 2026,1
9914,Turkana County,MOH 711 Rev 2020_Maternal deaths 25+ Years,April 2026,5
9915,Bomet County,MOH 711 Rev 2020_Maternal deaths 25+ Years,October 2025,1
9916,Turkana County,MOH 711 Rev 2020_Maternal deaths 25+ Years,March 2026,2
9917,Bungoma County,MOH 711 Rev 2020_Maternal deaths 25+ Years,December 2025,2
9918,Kisumu County,MOH 711 Rev 2020_Maternal deaths 25+ Years,July 2025,1
9919,Kisumu County,MOH 711 Rev 2020_Maternal deaths 25+ Years,August 2025,2
9920,Nyamira County,MOH 711 Rev 2020_Maternal deaths 25+ Years,December 2025,1
9921,Machakos County,MOH 711 Rev 2020_Maternal deaths 25+ Years,April 2026,3
9922,Kisumu County,MOH 711 Rev 2020_Maternal deaths 25+ Years,May 2025,3
9923,Kisumu County,MOH 711 Rev 2020_Maternal deaths 25+ Years,June 2025,3
9924,Kakamega County,MOH 711 Rev 2020_Maternal deaths 25+ Years,November 2025,3
9925,Kakamega County,MOH 711 Rev 2020_Maternal deaths 25+ Years,October 2025,1
9926,Siaya County,MOH 711 Rev 2020_Maternal deaths 25+ Years,December 2025,2
9927,Kakamega County,MOH 711 Rev 2020_Maternal deaths 25+ Years,December 2025,5
9928,Nairobi County,MOH 711 Rev 2020_Maternal deaths 25+ Years,February 2026,10
9929,Nairobi County,MOH 711 Rev 2020_Maternal deaths 25+ Years,January 2026,15
9930,Elgeyo Marakwet County,MOH 711 Rev 2020_Maternal deaths 25+ Years,April 2026,19
9931,Nyamira County,MOH 711 Rev 2020_Maternal deaths 25+ Years,August 2025,1
9932,Nairobi County,MOH 711 Rev 2020_Maternal deaths 25+ Years,April 2026,15
9933,Nairobi County,MOH 711 Rev 2020_Maternal deaths 25+ Years,March 2026,10
9934,Nyamira County,MOH 711 Rev 2020_Maternal deaths 25+ Years,May 2025,1
9935,Trans Nzoia County,MOH 711 Rev 2020_Maternal deaths 25+ Years,December 2025,1
9936,Turkana County,MOH 711 Rev 2020_Maternal deaths 25+ Years,June 2025,2
9937,Turkana County,MOH 711 Rev 2020_Maternal deaths 25+ Years,September 2025,1
9938,Turkana County,MOH 711 Rev 2020_Maternal deaths 25+ Years,August 2025,2
9939,Kakamega County,MOH 711 Rev 2020_Maternal deaths 25+ Years,August 2025,2
9940,Siaya County,MOH 711 Rev 2020_Maternal deaths 25+ Years,August 2025,2
9941,Kakamega County,MOH 711 Rev 2020_Maternal deaths 25+ Years,July 2025,6
9942,Siaya County,MOH 711 Rev 2020_Maternal deaths 25+ Years,September 2025,2
9943,Kakamega County,MOH 711 Rev 2020_Maternal deaths 25+ Years,September 2025,1
9944,Siaya County,MOH 711 Rev 2020_Maternal deaths 25+ Years,July 2025,1
9945,Trans Nzoia County,MOH 711 Rev 2020_Maternal deaths 25+ Years,November 2025,1
9946,Siaya County,MOH 711 Rev 2020_Maternal deaths 25+ Years,May 2025,2
9947,Kakamega County,MOH 711 Rev 2020_Maternal deaths 25+ Years,June 2025,3
9948,Kisii County,MOH 711 Rev 2020_Maternal deaths 25+ Years,September 2025,3
9949,Kisii County,MOH 711 Rev 2020_Maternal deaths 25+ Years,June 2025,1
9950,Kisii County,MOH 711 Rev 2020_Maternal deaths 25+ Years,May 2025,1
9951,Kisii County,MOH 711 Rev 2020_Maternal deaths 25+ Years,August 2025,2
9952,Kisii County,MOH 711 Rev 2020_Maternal deaths 25+ Years,July 2025,1
9953,Meru County,MOH 711 Rev 2020_Maternal deaths 25+ Years,March 2026,1
9954,Meru County,MOH 711 Rev 2020_Maternal deaths 25+ Years,February 2026,4
9955,Kisumu County,MOH 711 Rev 2020_Maternal deaths 25+ Years,January 2026,4
9956,Meru County,MOH 711 Rev 2020_Maternal deaths 25+ Years,April 2026,1
9957,Isiolo County,MOH 711 Rev 2020_Maternal deaths 25+ Years,October 2025,1
9958,Kisumu County,MOH 711 Rev 2020_Maternal deaths 25+ Years,February 2026,3
9959,Kisumu County,MOH 711 Rev 2020_Maternal deaths 25+ Years,March 2026,2
9960,Isiolo County,MOH 711 Rev 2020_Maternal deaths 25+ Years,December 2025,1
9961,Kisumu County,MOH 711 Rev 2020_Maternal deaths 25+ Years,April 2026,3
9962,Nyandarua County,MOH 711 Rev 2020_Maternal deaths 25+ Years,December 2025,2
9963,Vihiga County,MOH 711 Rev 2020_Maternal deaths 25+ Years,April 2026,1
9964,Vihiga County,MOH 711 Rev 2020_Maternal deaths 25+ Years,March 2026,1
9965,Vihiga County,MOH 711 Rev 2020_Maternal deaths 25+ Years,February 2026,1
9966,Vihiga County,MOH 711 Rev 2020_Maternal deaths 25+ Years,January 2026,3
9967,Wajir County,MOH 711 Rev 2020_Maternal deaths 25+ Years,April 2026,2
9968,Wajir County,MOH 711 Rev 2020_Maternal deaths 25+ Years,February 2026,1
9969,Turkana County,MOH 711 Rev 2020_Maternal deaths 25+ Years,October 2025,1
9970,Bomet County,MOH 711 Rev 2020_Maternal deaths 25+ Years,January 2026,3
9971,Turkana County,MOH 711 Rev 2020_Maternal deaths 25+ Years,December 2025,2
9972,Bomet County,MOH 711 Rev 2020_Maternal deaths 25+ Years,February 2026,3
9973,Isiolo County,MOH 711 Rev 2020_Maternal deaths 25+ Years,May 2025,1
9974,Nairobi County,MOH 711 Rev 2020_Maternal deaths 25+ Years,July 2025,8
9975,Nairobi County,MOH 711 Rev 2020_Maternal deaths 25+ Years,June 2025,12
9976,Nyandarua County,MOH 711 Rev 2020_Maternal deaths 25+ Years,July 2025,1
9977,Nyamira County,MOH 711 Rev 2020_Maternal deaths 25+ Years,January 2026,1
9978,Nairobi County,MOH 711 Rev 2020_Maternal deaths 25+ Years,May 2025,17
9979,Nandi County,MOH 711 Rev 2020_Maternal deaths 25+ Years,August 2025,2
9980,Nandi County,MOH 711 Rev 2020_Maternal deaths 25+ Years,September 2025,2
9981,Nairobi County,MOH 711 Rev 2020_Maternal deaths 25+ Years,September 2025,12
9982,Nandi County,MOH 711 Rev 2020_Maternal deaths 25+ Years,June 2025,1
9983,Nairobi County,MOH 711 Rev 2020_Maternal deaths 25+ Years,August 2025,13
9984,Nandi County,MOH 711 Rev 2020_Maternal deaths 25+ Years,July 2025,2
9985,Nairobi County,MOH 711 Rev 2020_Maternal deaths 25+ Years,October 2025,11
9986,Nairobi County,MOH 711 Rev 2020_Maternal deaths 25+ Years,December 2025,5
9987,Nairobi County,MOH 711 Rev 2020_Maternal deaths 25+ Years,November 2025,5
9988,Kirinyaga County,MOH 711 Rev 2020_Maternal deaths 25+ Years,August 2025,1
9989,Nandi County,MOH 711 Rev 2020_Maternal deaths 25+ Years,November 2025,1
9990,Kisii County,MOH 711 Rev 2020_Maternal deaths 25+ Years,January 2026,1
9991,Kisii County,MOH 711 Rev 2020_Maternal deaths 25+ Years,March 2026,1
9992,Meru County,MOH 711 Rev 2020_Maternal deaths 25+ Years,June 2025,2
9993,Kisii County,MOH 711 Rev 2020_Maternal deaths 25+ Years,February 2026,1
9994,Meru County,MOH 711 Rev 2020_Maternal deaths 25+ Years,August 2025,1
9995,Kirinyaga County,MOH 711 Rev 2020_Maternal deaths 25+ Years,June 2025,1
9996,Tana River County,MOH 711 Rev 2020_Maternal deaths 25+ Years,March 2026,1
9997,Kirinyaga County,MOH 711 Rev 2020_Maternal deaths 25+ Years,May 2025,2
9998,Tana River County,MOH 711 Rev 2020_Maternal deaths 25+ Years,February 2026,1
9999,Meru County,MOH 711 Rev 2020_Maternal deaths 25+ Years,September 2025,1
10000,Baringo County,Total Perinatal Deaths,May 2025,31
10001,Baringo County,Total Perinatal Deaths,June 2025,30
10002,Baringo County,Total Perinatal Deaths,July 2025,24
10003,Baringo County,Total Perinatal Deaths,August 2025,22
10004,Baringo County,Total Perinatal Deaths,September 2025,26
10005,Baringo County,Total Perinatal Deaths,October 2025,30
10006,Baringo County,Total Perinatal Deaths,November 2025,35
10007,Baringo County,Total Perinatal Deaths,December 2025,29
10008,Baringo County,Total Perinatal Deaths,January 2026,28
10009,Baringo County,Total Perinatal Deaths,February 2026,18
10010,Baringo County,Total Perinatal Deaths,March 2026,40
10011,Baringo County,Total Perinatal Deaths,April 2026,27
10012,Bomet County,Total Perinatal Deaths,May 2025,29
10013,Bomet County,Total Perinatal Deaths,June 2025,34
10014,Bomet County,Total Perinatal Deaths,July 2025,39
10015,Bomet County,Total Perinatal Deaths,August 2025,24
10016,Bomet County,Total Perinatal Deaths,September 2025,43
10017,Bomet County,Total Perinatal Deaths,October 2025,43
10018,Bomet County,Total Perinatal Deaths,November 2025,27
10019,Bomet County,Total Perinatal Deaths,December 2025,35
10020,Bomet County,Total Perinatal Deaths,January 2026,56
10021,Bomet County,Total Perinatal Deaths,February 2026,38
10022,Bomet County,Total Perinatal Deaths,March 2026,39
10023,Bomet County,Total Perinatal Deaths,April 2026,56
10024,Bungoma County,Total Perinatal Deaths,May 2025,75
10025,Bungoma County,Total Perinatal Deaths,June 2025,76
10026,Bungoma County,Total Perinatal Deaths,July 2025,99
10027,Bungoma County,Total Perinatal Deaths,August 2025,91
10028,Bungoma County,Total Perinatal Deaths,September 2025,76
10029,Bungoma County,Total Perinatal Deaths,October 2025,74
10030,Bungoma County,Total Perinatal Deaths,November 2025,77
10031,Bungoma County,Total Perinatal Deaths,December 2025,59
10032,Bungoma County,Total Perinatal Deaths,January 2026,64
10033,Bungoma County,Total Perinatal Deaths,February 2026,70
10034,Bungoma County,Total Perinatal Deaths,March 2026,82
10035,Bungoma County,Total Perinatal Deaths,April 2026,77
10036,Busia County,Total Perinatal Deaths,May 2025,46
10037,Busia County,Total Perinatal Deaths,June 2025,30
10038,Busia County,Total Perinatal Deaths,July 2025,36
10039,Busia County,Total Perinatal Deaths,August 2025,32
10040,Busia County,Total Perinatal Deaths,September 2025,36
10041,Busia County,Total Perinatal Deaths,October 2025,66
10042,Busia County,Total Perinatal Deaths,November 2025,40
10043,Busia County,Total Perinatal Deaths,December 2025,35
10044,Busia County,Total Perinatal Deaths,January 2026,47
10045,Busia County,Total Perinatal Deaths,February 2026,32
10046,Busia County,Total Perinatal Deaths,March 2026,35
10047,Busia County,Total Perinatal Deaths,April 2026,37
10048,Elgeyo Marakwet County,Total Perinatal Deaths,May 2025,23
10049,Elgeyo Marakwet County,Total Perinatal Deaths,June 2025,12
10050,Elgeyo Marakwet County,Total Perinatal Deaths,July 2025,26
10051,Elgeyo Marakwet County,Total Perinatal Deaths,August 2025,22
10052,Elgeyo Marakwet County,Total Perinatal Deaths,September 2025,37
10053,Elgeyo Marakwet County,Total Perinatal Deaths,October 2025,26
10054,Elgeyo Marakwet County,Total Perinatal Deaths,November 2025,10
10055,Elgeyo Marakwet County,Total Perinatal Deaths,December 2025,13
10056,Elgeyo Marakwet County,Total Perinatal Deaths,January 2026,15
10057,Elgeyo Marakwet County,Total Perinatal Deaths,February 2026,15
10058,Elgeyo Marakwet County,Total Perinatal Deaths,March 2026,18
10059,Elgeyo Marakwet County,Total Perinatal Deaths,April 2026,16
10060,Embu County,Total Perinatal Deaths,May 2025,31
10061,Embu County,Total Perinatal Deaths,June 2025,31
10062,Embu County,Total Perinatal Deaths,July 2025,47
10063,Embu County,Total Perinatal Deaths,August 2025,38
10064,Embu County,Total Perinatal Deaths,September 2025,25
10065,Embu County,Total Perinatal Deaths,October 2025,39
10066,Embu County,Total Perinatal Deaths,November 2025,21
10067,Embu County,Total Perinatal Deaths,December 2025,28
10068,Embu County,Total Perinatal Deaths,January 2026,21
10069,Embu County,Total Perinatal Deaths,February 2026,24
10070,Embu County,Total Perinatal Deaths,March 2026,26
10071,Embu County,Total Perinatal Deaths,April 2026,17
10072,Garissa County,Total Perinatal Deaths,May 2025,81
10073,Garissa County,Total Perinatal Deaths,June 2025,74
10074,Garissa County,Total Perinatal Deaths,July 2025,62
10075,Garissa County,Total Perinatal Deaths,August 2025,47
10076,Garissa County,Total Perinatal Deaths,September 2025,42
10077,Garissa County,Total Perinatal Deaths,October 2025,46
10078,Garissa County,Total Perinatal Deaths,November 2025,58
10079,Garissa County,Total Perinatal Deaths,December 2025,63
10080,Garissa County,Total Perinatal Deaths,January 2026,64
10081,Garissa County,Total Perinatal Deaths,February 2026,69
10082,Garissa County,Total Perinatal Deaths,March 2026,97
10083,Garissa County,Total Perinatal Deaths,April 2026,97
10084,Homa Bay County,Total Perinatal Deaths,May 2025,43
10085,Homa Bay County,Total Perinatal Deaths,June 2025,38
10086,Homa Bay County,Total Perinatal Deaths,July 2025,42
10087,Homa Bay County,Total Perinatal Deaths,August 2025,37
10088,Homa Bay County,Total Perinatal Deaths,September 2025,51
10089,Homa Bay County,Total Perinatal Deaths,October 2025,48
10090,Homa Bay County,Total Perinatal Deaths,November 2025,43
10091,Homa Bay County,Total Perinatal Deaths,December 2025,44
10092,Homa Bay County,Total Perinatal Deaths,January 2026,56
10093,Homa Bay County,Total Perinatal Deaths,February 2026,48
10094,Homa Bay County,Total Perinatal Deaths,March 2026,38
10095,Homa Bay County,Total Perinatal Deaths,April 2026,36
10096,Isiolo County,Total Perinatal Deaths,May 2025,15
10097,Isiolo County,Total Perinatal Deaths,June 2025,7
10098,Isiolo County,Total Perinatal Deaths,July 2025,10
10099,Isiolo County,Total Perinatal Deaths,August 2025,13
10100,Isiolo County,Total Perinatal Deaths,September 2025,7
10101,Isiolo County,Total Perinatal Deaths,October 2025,11
10102,Isiolo County,Total Perinatal Deaths,November 2025,12
10103,Isiolo County,Total Perinatal Deaths,December 2025,20
10104,Isiolo County,Total Perinatal Deaths,January 2026,6
10105,Isiolo County,Total Perinatal Deaths,February 2026,16
10106,Isiolo County,Total Perinatal Deaths,March 2026,11
10107,Isiolo County,Total Perinatal Deaths,April 2026,5
10108,Kajiado County,Total Perinatal Deaths,May 2025,66
10109,Kajiado County,Total Perinatal Deaths,June 2025,75
10110,Kajiado County,Total Perinatal Deaths,July 2025,62
10111,Kajiado County,Total Perinatal Deaths,August 2025,65
10112,Kajiado County,Total Perinatal Deaths,September 2025,47
10113,Kajiado County,Total Perinatal Deaths,October 2025,65
10114,Kajiado County,Total Perinatal Deaths,November 2025,53
10115,Kajiado County,Total Perinatal Deaths,December 2025,61
10116,Kajiado County,Total Perinatal Deaths,January 2026,59
10117,Kajiado County,Total Perinatal Deaths,February 2026,41
10118,Kajiado County,Total Perinatal Deaths,March 2026,72
10119,Kajiado County,Total Perinatal Deaths,April 2026,81
10120,Kakamega County,Total Perinatal Deaths,May 2025,69
10121,Kakamega County,Total Perinatal Deaths,June 2025,75
10122,Kakamega County,Total Perinatal Deaths,July 2025,113
10123,Kakamega County,Total Perinatal Deaths,August 2025,97
10124,Kakamega County,Total Perinatal Deaths,September 2025,102
10125,Kakamega County,Total Perinatal Deaths,October 2025,104
10126,Kakamega County,Total Perinatal Deaths,November 2025,94
10127,Kakamega County,Total Perinatal Deaths,December 2025,99
10128,Kakamega County,Total Perinatal Deaths,January 2026,94
10129,Kakamega County,Total Perinatal Deaths,February 2026,97
10130,Kakamega County,Total Perinatal Deaths,March 2026,112
10131,Kakamega County,Total Perinatal Deaths,April 2026,94
10132,Kericho County,Total Perinatal Deaths,May 2025,67
10133,Kericho County,Total Perinatal Deaths,June 2025,55
10134,Kericho County,Total Perinatal Deaths,July 2025,41
10135,Kericho County,Total Perinatal Deaths,August 2025,34
10136,Kericho County,Total Perinatal Deaths,September 2025,35
10137,Kericho County,Total Perinatal Deaths,October 2025,53
10138,Kericho County,Total Perinatal Deaths,November 2025,60
10139,Kericho County,Total Perinatal Deaths,December 2025,50
10140,Kericho County,Total Perinatal Deaths,January 2026,40
10141,Kericho County,Total Perinatal Deaths,February 2026,51
10142,Kericho County,Total Perinatal Deaths,March 2026,55
10143,Kericho County,Total Perinatal Deaths,April 2026,43
10144,Kiambu County,Total Perinatal Deaths,May 2025,95
10145,Kiambu County,Total Perinatal Deaths,June 2025,90
10146,Kiambu County,Total Perinatal Deaths,July 2025,91
10147,Kiambu County,Total Perinatal Deaths,August 2025,95
10148,Kiambu County,Total Perinatal Deaths,September 2025,110
10149,Kiambu County,Total Perinatal Deaths,October 2025,96
10150,Kiambu County,Total Perinatal Deaths,November 2025,100
10151,Kiambu County,Total Perinatal Deaths,December 2025,101
10152,Kiambu County,Total Perinatal Deaths,January 2026,87
10153,Kiambu County,Total Perinatal Deaths,February 2026,91
10154,Kiambu County,Total Perinatal Deaths,March 2026,88
10155,Kiambu County,Total Perinatal Deaths,April 2026,103
10156,Kilifi County,Total Perinatal Deaths,May 2025,109
10157,Kilifi County,Total Perinatal Deaths,June 2025,104
10158,Kilifi County,Total Perinatal Deaths,July 2025,89
10159,Kilifi County,Total Perinatal Deaths,August 2025,81
10160,Kilifi County,Total Perinatal Deaths,September 2025,70
10161,Kilifi County,Total Perinatal Deaths,October 2025,100
10162,Kilifi County,Total Perinatal Deaths,November 2025,89
10163,Kilifi County,Total Perinatal Deaths,December 2025,80
10164,Kilifi County,Total Perinatal Deaths,January 2026,137
10165,Kilifi County,Total Perinatal Deaths,February 2026,93
10166,Kilifi County,Total Perinatal Deaths,March 2026,94
10167,Kilifi County,Total Perinatal Deaths,April 2026,146
10168,Kirinyaga County,Total Perinatal Deaths,May 2025,21
10169,Kirinyaga County,Total Perinatal Deaths,June 2025,26
10170,Kirinyaga County,Total Perinatal Deaths,July 2025,31
10171,Kirinyaga County,Total Perinatal Deaths,August 2025,24
10172,Kirinyaga County,Total Perinatal Deaths,September 2025,26
10173,Kirinyaga County,Total Perinatal Deaths,October 2025,44
10174,Kirinyaga County,Total Perinatal Deaths,November 2025,20
10175,Kirinyaga County,Total Perinatal Deaths,December 2025,30
10176,Kirinyaga County,Total Perinatal Deaths,January 2026,22
10177,Kirinyaga County,Total Perinatal Deaths,February 2026,22
10178,Kirinyaga County,Total Perinatal Deaths,March 2026,33
10179,Kirinyaga County,Total Perinatal Deaths,April 2026,29
10180,Kisii County,Total Perinatal Deaths,May 2025,37
10181,Kisii County,Total Perinatal Deaths,June 2025,35
10182,Kisii County,Total Perinatal Deaths,July 2025,43
10183,Kisii County,Total Perinatal Deaths,August 2025,28
10184,Kisii County,Total Perinatal Deaths,September 2025,33
10185,Kisii County,Total Perinatal Deaths,October 2025,32
10186,Kisii County,Total Perinatal Deaths,November 2025,30
10187,Kisii County,Total Perinatal Deaths,December 2025,31
10188,Kisii County,Total Perinatal Deaths,January 2026,19
10189,Kisii County,Total Perinatal Deaths,February 2026,30
10190,Kisii County,Total Perinatal Deaths,March 2026,28
10191,Kisii County,Total Perinatal Deaths,April 2026,42
10192,Kisumu County,Total Perinatal Deaths,May 2025,55
10193,Kisumu County,Total Perinatal Deaths,June 2025,85
10194,Kisumu County,Total Perinatal Deaths,July 2025,86
10195,Kisumu County,Total Perinatal Deaths,August 2025,67
10196,Kisumu County,Total Perinatal Deaths,September 2025,43
10197,Kisumu County,Total Perinatal Deaths,October 2025,73
10198,Kisumu County,Total Perinatal Deaths,November 2025,81
10199,Kisumu County,Total Perinatal Deaths,December 2025,68
10200,Kisumu County,Total Perinatal Deaths,January 2026,66
10201,Kisumu County,Total Perinatal Deaths,February 2026,62
10202,Kisumu County,Total Perinatal Deaths,March 2026,79
10203,Kisumu County,Total Perinatal Deaths,April 2026,41
10204,Kitui County,Total Perinatal Deaths,May 2025,64
10205,Kitui County,Total Perinatal Deaths,June 2025,49
10206,Kitui County,Total Perinatal Deaths,July 2025,56
10207,Kitui County,Total Perinatal Deaths,August 2025,39
10208,Kitui County,Total Perinatal Deaths,September 2025,53
10209,Kitui County,Total Perinatal Deaths,October 2025,72
10210,Kitui County,Total Perinatal Deaths,November 2025,51
10211,Kitui County,Total Perinatal Deaths,December 2025,50
10212,Kitui County,Total Perinatal Deaths,January 2026,62
10213,Kitui County,Total Perinatal Deaths,February 2026,61
10214,Kitui County,Total Perinatal Deaths,March 2026,68
10215,Kitui County,Total Perinatal Deaths,April 2026,72
10216,Kwale County,Total Perinatal Deaths,May 2025,51
10217,Kwale County,Total Perinatal Deaths,June 2025,54
10218,Kwale County,Total Perinatal Deaths,July 2025,46
10219,Kwale County,Total Perinatal Deaths,August 2025,37
10220,Kwale County,Total Perinatal Deaths,September 2025,44
10221,Kwale County,Total Perinatal Deaths,October 2025,56
10222,Kwale County,Total Perinatal Deaths,November 2025,60
10223,Kwale County,Total Perinatal Deaths,December 2025,71
10224,Kwale County,Total Perinatal Deaths,January 2026,62
10225,Kwale County,Total Perinatal Deaths,February 2026,41
10226,Kwale County,Total Perinatal Deaths,March 2026,82
10227,Kwale County,Total Perinatal Deaths,April 2026,69
10228,Laikipia County,Total Perinatal Deaths,May 2025,78
10229,Laikipia County,Total Perinatal Deaths,June 2025,22
10230,Laikipia County,Total Perinatal Deaths,July 2025,23
10231,Laikipia County,Total Perinatal Deaths,August 2025,32
10232,Laikipia County,Total Perinatal Deaths,September 2025,31
10233,Laikipia County,Total Perinatal Deaths,October 2025,22
10234,Laikipia County,Total Perinatal Deaths,November 2025,30
10235,Laikipia County,Total Perinatal Deaths,December 2025,29
10236,Laikipia County,Total Perinatal Deaths,January 2026,22
10237,Laikipia County,Total Perinatal Deaths,February 2026,23
10238,Laikipia County,Total Perinatal Deaths,March 2026,23
10239,Laikipia County,Total Perinatal Deaths,April 2026,27
10240,Lamu County,Total Perinatal Deaths,May 2025,12
10241,Lamu County,Total Perinatal Deaths,June 2025,7
10242,Lamu County,Total Perinatal Deaths,July 2025,8
10243,Lamu County,Total Perinatal Deaths,August 2025,12
10244,Lamu County,Total Perinatal Deaths,September 2025,9
10245,Lamu County,Total Perinatal Deaths,October 2025,14
10246,Lamu County,Total Perinatal Deaths,November 2025,12
10247,Lamu County,Total Perinatal Deaths,December 2025,9
10248,Lamu County,Total Perinatal Deaths,January 2026,7
10249,Lamu County,Total Perinatal Deaths,February 2026,9
10250,Lamu County,Total Perinatal Deaths,March 2026,8
10251,Lamu County,Total Perinatal Deaths,April 2026,6
10252,Machakos County,Total Perinatal Deaths,May 2025,32
10253,Machakos County,Total Perinatal Deaths,June 2025,35
10254,Machakos County,Total Perinatal Deaths,July 2025,37
10255,Machakos County,Total Perinatal Deaths,August 2025,28
10256,Machakos County,Total Perinatal Deaths,September 2025,27
10257,Machakos County,Total Perinatal Deaths,October 2025,38
10258,Machakos County,Total Perinatal Deaths,November 2025,33
10259,Machakos County,Total Perinatal Deaths,December 2025,34
10260,Machakos County,Total Perinatal Deaths,January 2026,32
10261,Machakos County,Total Perinatal Deaths,February 2026,33
10262,Machakos County,Total Perinatal Deaths,March 2026,34
10263,Machakos County,Total Perinatal Deaths,April 2026,40
10264,Makueni County,Total Perinatal Deaths,May 2025,55
10265,Makueni County,Total Perinatal Deaths,June 2025,35
10266,Makueni County,Total Perinatal Deaths,July 2025,39
10267,Makueni County,Total Perinatal Deaths,August 2025,46
10268,Makueni County,Total Perinatal Deaths,September 2025,30
10269,Makueni County,Total Perinatal Deaths,October 2025,27
10270,Makueni County,Total Perinatal Deaths,November 2025,32
10271,Makueni County,Total Perinatal Deaths,December 2025,26
10272,Makueni County,Total Perinatal Deaths,January 2026,38
10273,Makueni County,Total Perinatal Deaths,February 2026,28
10274,Makueni County,Total Perinatal Deaths,March 2026,40
10275,Makueni County,Total Perinatal Deaths,April 2026,22
10276,Mandera County,Total Perinatal Deaths,May 2025,35
10277,Mandera County,Total Perinatal Deaths,June 2025,16
10278,Mandera County,Total Perinatal Deaths,July 2025,25
10279,Mandera County,Total Perinatal Deaths,August 2025,41
10280,Mandera County,Total Perinatal Deaths,September 2025,39
10281,Mandera County,Total Perinatal Deaths,October 2025,49
10282,Mandera County,Total Perinatal Deaths,November 2025,41
10283,Mandera County,Total Perinatal Deaths,December 2025,42
10284,Mandera County,Total Perinatal Deaths,January 2026,47
10285,Mandera County,Total Perinatal Deaths,February 2026,31
10286,Mandera County,Total Perinatal Deaths,March 2026,47
10287,Mandera County,Total Perinatal Deaths,April 2026,34
10288,Marsabit County,Total Perinatal Deaths,May 2025,20
10289,Marsabit County,Total Perinatal Deaths,June 2025,13
10290,Marsabit County,Total Perinatal Deaths,July 2025,20
10291,Marsabit County,Total Perinatal Deaths,August 2025,19
10292,Marsabit County,Total Perinatal Deaths,September 2025,23
10293,Marsabit County,Total Perinatal Deaths,October 2025,26
10294,Marsabit County,Total Perinatal Deaths,November 2025,11
10295,Marsabit County,Total Perinatal Deaths,December 2025,28
10296,Marsabit County,Total Perinatal Deaths,January 2026,17
10297,Marsabit County,Total Perinatal Deaths,February 2026,12
10298,Marsabit County,Total Perinatal Deaths,March 2026,19
10299,Marsabit County,Total Perinatal Deaths,April 2026,16
10300,Meru County,Total Perinatal Deaths,May 2025,42
10301,Meru County,Total Perinatal Deaths,June 2025,35
10302,Meru County,Total Perinatal Deaths,July 2025,36
10303,Meru County,Total Perinatal Deaths,August 2025,43
10304,Meru County,Total Perinatal Deaths,September 2025,48
10305,Meru County,Total Perinatal Deaths,October 2025,110
10306,Meru County,Total Perinatal Deaths,November 2025,40
10307,Meru County,Total Perinatal Deaths,December 2025,35
10308,Meru County,Total Perinatal Deaths,January 2026,32
10309,Meru County,Total Perinatal Deaths,February 2026,45
10310,Meru County,Total Perinatal Deaths,March 2026,53
10311,Meru County,Total Perinatal Deaths,April 2026,45
10312,Migori County,Total Perinatal Deaths,May 2025,35
10313,Migori County,Total Perinatal Deaths,June 2025,23
10314,Migori County,Total Perinatal Deaths,July 2025,29
10315,Migori County,Total Perinatal Deaths,August 2025,50
10316,Migori County,Total Perinatal Deaths,September 2025,31
10317,Migori County,Total Perinatal Deaths,October 2025,37
10318,Migori County,Total Perinatal Deaths,November 2025,43
10319,Migori County,Total Perinatal Deaths,December 2025,53
10320,Migori County,Total Perinatal Deaths,January 2026,64
10321,Migori County,Total Perinatal Deaths,February 2026,36
10322,Migori County,Total Perinatal Deaths,March 2026,40
10323,Migori County,Total Perinatal Deaths,April 2026,42
10324,Mombasa County,Total Perinatal Deaths,May 2025,95
10325,Mombasa County,Total Perinatal Deaths,June 2025,74
10326,Mombasa County,Total Perinatal Deaths,July 2025,60
10327,Mombasa County,Total Perinatal Deaths,August 2025,71
10328,Mombasa County,Total Perinatal Deaths,September 2025,66
10329,Mombasa County,Total Perinatal Deaths,October 2025,70
10330,Mombasa County,Total Perinatal Deaths,November 2025,82
10331,Mombasa County,Total Perinatal Deaths,December 2025,57
10332,Mombasa County,Total Perinatal Deaths,January 2026,75
10333,Mombasa County,Total Perinatal Deaths,February 2026,68
10334,Mombasa County,Total Perinatal Deaths,March 2026,107
10335,Mombasa County,Total Perinatal Deaths,April 2026,100
10336,Muranga County,Total Perinatal Deaths,May 2025,26
10337,Muranga County,Total Perinatal Deaths,June 2025,25
10338,Muranga County,Total Perinatal Deaths,July 2025,24
10339,Muranga County,Total Perinatal Deaths,August 2025,31
10340,Muranga County,Total Perinatal Deaths,September 2025,35
10341,Muranga County,Total Perinatal Deaths,October 2025,45
10342,Muranga County,Total Perinatal Deaths,November 2025,30
10343,Muranga County,Total Perinatal Deaths,December 2025,29
10344,Muranga County,Total Perinatal Deaths,January 2026,39
10345,Muranga County,Total Perinatal Deaths,February 2026,36
10346,Muranga County,Total Perinatal Deaths,March 2026,32
10347,Muranga County,Total Perinatal Deaths,April 2026,31
10348,Nairobi County,Total Perinatal Deaths,May 2025,275
10349,Nairobi County,Total Perinatal Deaths,June 2025,276
10350,Nairobi County,Total Perinatal Deaths,July 2025,205
10351,Nairobi County,Total Perinatal Deaths,August 2025,209
10352,Nairobi County,Total Perinatal Deaths,September 2025,219
10353,Nairobi County,Total Perinatal Deaths,October 2025,240
10354,Nairobi County,Total Perinatal Deaths,November 2025,236
10355,Nairobi County,Total Perinatal Deaths,December 2025,248
10356,Nairobi County,Total Perinatal Deaths,January 2026,187
10357,Nairobi County,Total Perinatal Deaths,February 2026,246
10358,Nairobi County,Total Perinatal Deaths,March 2026,270
10359,Nairobi County,Total Perinatal Deaths,April 2026,213
10360,Nakuru County,Total Perinatal Deaths,May 2025,115
10361,Nakuru County,Total Perinatal Deaths,June 2025,94
10362,Nakuru County,Total Perinatal Deaths,July 2025,128
10363,Nakuru County,Total Perinatal Deaths,August 2025,137
10364,Nakuru County,Total Perinatal Deaths,September 2025,182
10365,Nakuru County,Total Perinatal Deaths,October 2025,112
10366,Nakuru County,Total Perinatal Deaths,November 2025,115
10367,Nakuru County,Total Perinatal Deaths,December 2025,105
10368,Nakuru County,Total Perinatal Deaths,January 2026,118
10369,Nakuru County,Total Perinatal Deaths,February 2026,117
10370,Nakuru County,Total Perinatal Deaths,March 2026,120
10371,Nakuru County,Total Perinatal Deaths,April 2026,104
10372,Nandi County,Total Perinatal Deaths,May 2025,34
10373,Nandi County,Total Perinatal Deaths,June 2025,37
10374,Nandi County,Total Perinatal Deaths,July 2025,27
10375,Nandi County,Total Perinatal Deaths,August 2025,44
10376,Nandi County,Total Perinatal Deaths,September 2025,35
10377,Nandi County,Total Perinatal Deaths,October 2025,38
10378,Nandi County,Total Perinatal Deaths,November 2025,24
10379,Nandi County,Total Perinatal Deaths,December 2025,37
10380,Nandi County,Total Perinatal Deaths,January 2026,53
10381,Nandi County,Total Perinatal Deaths,February 2026,28
10382,Nandi County,Total Perinatal Deaths,March 2026,29
10383,Nandi County,Total Perinatal Deaths,April 2026,32
10384,Narok County,Total Perinatal Deaths,May 2025,52
10385,Narok County,Total Perinatal Deaths,June 2025,37
10386,Narok County,Total Perinatal Deaths,July 2025,50
10387,Narok County,Total Perinatal Deaths,August 2025,63
10388,Narok County,Total Perinatal Deaths,September 2025,27
10389,Narok County,Total Perinatal Deaths,October 2025,40
10390,Narok County,Total Perinatal Deaths,November 2025,41
10391,Narok County,Total Perinatal Deaths,December 2025,61
10392,Narok County,Total Perinatal Deaths,January 2026,35
10393,Narok County,Total Perinatal Deaths,February 2026,66
10394,Narok County,Total Perinatal Deaths,March 2026,38
10395,Narok County,Total Perinatal Deaths,April 2026,38
10396,Nyamira County,Total Perinatal Deaths,May 2025,7
10397,Nyamira County,Total Perinatal Deaths,June 2025,8
10398,Nyamira County,Total Perinatal Deaths,July 2025,17
10399,Nyamira County,Total Perinatal Deaths,August 2025,13
10400,Nyamira County,Total Perinatal Deaths,September 2025,12
10401,Nyamira County,Total Perinatal Deaths,October 2025,20
10402,Nyamira County,Total Perinatal Deaths,November 2025,6
10403,Nyamira County,Total Perinatal Deaths,December 2025,17
10404,Nyamira County,Total Perinatal Deaths,January 2026,11
10405,Nyamira County,Total Perinatal Deaths,February 2026,17
10406,Nyamira County,Total Perinatal Deaths,March 2026,11
10407,Nyamira County,Total Perinatal Deaths,April 2026,21
10408,Nyandarua County,Total Perinatal Deaths,May 2025,11
10409,Nyandarua County,Total Perinatal Deaths,June 2025,10
10410,Nyandarua County,Total Perinatal Deaths,July 2025,7
10411,Nyandarua County,Total Perinatal Deaths,August 2025,9
10412,Nyandarua County,Total Perinatal Deaths,September 2025,16
10413,Nyandarua County,Total Perinatal Deaths,October 2025,18
10414,Nyandarua County,Total Perinatal Deaths,November 2025,11
10415,Nyandarua County,Total Perinatal Deaths,December 2025,23
10416,Nyandarua County,Total Perinatal Deaths,January 2026,14
10417,Nyandarua County,Total Perinatal Deaths,February 2026,8
10418,Nyandarua County,Total Perinatal Deaths,March 2026,15
10419,Nyandarua County,Total Perinatal Deaths,April 2026,4
10420,Nyeri County,Total Perinatal Deaths,May 2025,19
10421,Nyeri County,Total Perinatal Deaths,June 2025,18
10422,Nyeri County,Total Perinatal Deaths,July 2025,26
10423,Nyeri County,Total Perinatal Deaths,August 2025,21
10424,Nyeri County,Total Perinatal Deaths,September 2025,26
10425,Nyeri County,Total Perinatal Deaths,October 2025,24
10426,Nyeri County,Total Perinatal Deaths,November 2025,25
10427,Nyeri County,Total Perinatal Deaths,December 2025,27
10428,Nyeri County,Total Perinatal Deaths,January 2026,25
10429,Nyeri County,Total Perinatal Deaths,February 2026,31
10430,Nyeri County,Total Perinatal Deaths,March 2026,25
10431,Nyeri County,Total Perinatal Deaths,April 2026,26
10432,Samburu County,Total Perinatal Deaths,May 2025,12
10433,Samburu County,Total Perinatal Deaths,June 2025,15
10434,Samburu County,Total Perinatal Deaths,July 2025,9
10435,Samburu County,Total Perinatal Deaths,August 2025,9
10436,Samburu County,Total Perinatal Deaths,September 2025,11
10437,Samburu County,Total Perinatal Deaths,November 2025,11
10438,Samburu County,Total Perinatal Deaths,December 2025,4
10439,Samburu County,Total Perinatal Deaths,January 2026,9
10440,Samburu County,Total Perinatal Deaths,February 2026,3
10441,Samburu County,Total Perinatal Deaths,March 2026,19
10442,Samburu County,Total Perinatal Deaths,April 2026,13
10443,Siaya County,Total Perinatal Deaths,May 2025,41
10444,Siaya County,Total Perinatal Deaths,June 2025,25
10445,Siaya County,Total Perinatal Deaths,July 2025,35
10446,Siaya County,Total Perinatal Deaths,August 2025,48
10447,Siaya County,Total Perinatal Deaths,September 2025,32
10448,Siaya County,Total Perinatal Deaths,October 2025,25
10449,Siaya County,Total Perinatal Deaths,November 2025,30
10450,Siaya County,Total Perinatal Deaths,December 2025,33
10451,Siaya County,Total Perinatal Deaths,January 2026,42
10452,Siaya County,Total Perinatal Deaths,February 2026,32
10453,Siaya County,Total Perinatal Deaths,March 2026,38
10454,Siaya County,Total Perinatal Deaths,April 2026,38
10455,Taita Taveta County,Total Perinatal Deaths,May 2025,17
10456,Taita Taveta County,Total Perinatal Deaths,June 2025,14
10457,Taita Taveta County,Total Perinatal Deaths,July 2025,18
10458,Taita Taveta County,Total Perinatal Deaths,August 2025,14
10459,Taita Taveta County,Total Perinatal Deaths,September 2025,24
10460,Taita Taveta County,Total Perinatal Deaths,October 2025,13
10461,Taita Taveta County,Total Perinatal Deaths,November 2025,12
10462,Taita Taveta County,Total Perinatal Deaths,December 2025,9
10463,Taita Taveta County,Total Perinatal Deaths,January 2026,10
10464,Taita Taveta County,Total Perinatal Deaths,February 2026,12
10465,Taita Taveta County,Total Perinatal Deaths,March 2026,12
10466,Taita Taveta County,Total Perinatal Deaths,April 2026,16
10467,Tana River County,Total Perinatal Deaths,May 2025,22
10468,Tana River County,Total Perinatal Deaths,June 2025,27
10469,Tana River County,Total Perinatal Deaths,July 2025,28
10470,Tana River County,Total Perinatal Deaths,August 2025,16
10471,Tana River County,Total Perinatal Deaths,September 2025,14
10472,Tana River County,Total Perinatal Deaths,October 2025,17
10473,Tana River County,Total Perinatal Deaths,November 2025,29
10474,Tana River County,Total Perinatal Deaths,December 2025,20
10475,Tana River County,Total Perinatal Deaths,January 2026,16
10476,Tana River County,Total Perinatal Deaths,February 2026,22
10477,Tana River County,Total Perinatal Deaths,March 2026,32
10478,Tana River County,Total Perinatal Deaths,April 2026,12
10479,Tharaka Nithi County,Total Perinatal Deaths,May 2025,14
10480,Tharaka Nithi County,Total Perinatal Deaths,June 2025,10
10481,Tharaka Nithi County,Total Perinatal Deaths,July 2025,10
10482,Tharaka Nithi County,Total Perinatal Deaths,August 2025,8
10483,Tharaka Nithi County,Total Perinatal Deaths,September 2025,12
10484,Tharaka Nithi County,Total Perinatal Deaths,October 2025,13
10485,Tharaka Nithi County,Total Perinatal Deaths,November 2025,11
10486,Tharaka Nithi County,Total Perinatal Deaths,December 2025,12
10487,Tharaka Nithi County,Total Perinatal Deaths,January 2026,18
10488,Tharaka Nithi County,Total Perinatal Deaths,February 2026,16
10489,Tharaka Nithi County,Total Perinatal Deaths,March 2026,11
10490,Tharaka Nithi County,Total Perinatal Deaths,April 2026,11
10491,Trans Nzoia County,Total Perinatal Deaths,May 2025,63
10492,Trans Nzoia County,Total Perinatal Deaths,June 2025,61
10493,Trans Nzoia County,Total Perinatal Deaths,July 2025,86
10494,Trans Nzoia County,Total Perinatal Deaths,August 2025,40
10495,Trans Nzoia County,Total Perinatal Deaths,September 2025,29
10496,Trans Nzoia County,Total Perinatal Deaths,October 2025,44
10497,Trans Nzoia County,Total Perinatal Deaths,November 2025,53
10498,Trans Nzoia County,Total Perinatal Deaths,December 2025,42
10499,Trans Nzoia County,Total Perinatal Deaths,January 2026,57
10500,Trans Nzoia County,Total Perinatal Deaths,February 2026,49
10501,Trans Nzoia County,Total Perinatal Deaths,March 2026,66
10502,Trans Nzoia County,Total Perinatal Deaths,April 2026,73
10503,Turkana County,Total Perinatal Deaths,May 2025,36
10504,Turkana County,Total Perinatal Deaths,June 2025,39
10505,Turkana County,Total Perinatal Deaths,July 2025,24
10506,Turkana County,Total Perinatal Deaths,August 2025,40
10507,Turkana County,Total Perinatal Deaths,September 2025,34
10508,Turkana County,Total Perinatal Deaths,October 2025,31
10509,Turkana County,Total Perinatal Deaths,November 2025,26
10510,Turkana County,Total Perinatal Deaths,December 2025,41
10511,Turkana County,Total Perinatal Deaths,January 2026,33
10512,Turkana County,Total Perinatal Deaths,February 2026,46
10513,Turkana County,Total Perinatal Deaths,March 2026,28
10514,Turkana County,Total Perinatal Deaths,April 2026,56
10515,Uasin Gishu County,Total Perinatal Deaths,May 2025,39
10516,Uasin Gishu County,Total Perinatal Deaths,June 2025,42
10517,Uasin Gishu County,Total Perinatal Deaths,July 2025,46
10518,Uasin Gishu County,Total Perinatal Deaths,August 2025,59
10519,Uasin Gishu County,Total Perinatal Deaths,September 2025,57
10520,Uasin Gishu County,Total Perinatal Deaths,October 2025,50
10521,Uasin Gishu County,Total Perinatal Deaths,November 2025,37
10522,Uasin Gishu County,Total Perinatal Deaths,December 2025,53
10523,Uasin Gishu County,Total Perinatal Deaths,January 2026,66
10524,Uasin Gishu County,Total Perinatal Deaths,February 2026,55
10525,Uasin Gishu County,Total Perinatal Deaths,March 2026,45
10526,Uasin Gishu County,Total Perinatal Deaths,April 2026,53
10527,Vihiga County,Total Perinatal Deaths,May 2025,22
10528,Vihiga County,Total Perinatal Deaths,June 2025,17
10529,Vihiga County,Total Perinatal Deaths,July 2025,19
10530,Vihiga County,Total Perinatal Deaths,August 2025,26
10531,Vihiga County,Total Perinatal Deaths,September 2025,16
10532,Vihiga County,Total Perinatal Deaths,October 2025,19
10533,Vihiga County,Total Perinatal Deaths,November 2025,13
10534,Vihiga County,Total Perinatal Deaths,December 2025,21
10535,Vihiga County,Total Perinatal Deaths,January 2026,26
10536,Vihiga County,Total Perinatal Deaths,February 2026,12
10537,Vihiga County,Total Perinatal Deaths,March 2026,20
10538,Vihiga County,Total Perinatal Deaths,April 2026,32
10539,Wajir County,Total Perinatal Deaths,May 2025,43
10540,Wajir County,Total Perinatal Deaths,June 2025,32
10541,Wajir County,Total Perinatal Deaths,July 2025,32
10542,Wajir County,Total Perinatal Deaths,August 2025,18
10543,Wajir County,Total Perinatal Deaths,September 2025,27
10544,Wajir County,Total Perinatal Deaths,October 2025,28
10545,Wajir County,Total Perinatal Deaths,November 2025,24
10546,Wajir County,Total Perinatal Deaths,December 2025,27
10547,Wajir County,Total Perinatal Deaths,January 2026,30
10548,Wajir County,Total Perinatal Deaths,February 2026,20
10549,Wajir County,Total Perinatal Deaths,March 2026,30
10550,Wajir County,Total Perinatal Deaths,April 2026,33
10551,West Pokot County,Total Perinatal Deaths,May 2025,30
10552,West Pokot County,Total Perinatal Deaths,June 2025,49
10553,West Pokot County,Total Perinatal Deaths,July 2025,44
10554,West Pokot County,Total Perinatal Deaths,August 2025,69
10555,West Pokot County,Total Perinatal Deaths,September 2025,57
10556,West Pokot County,Total Perinatal Deaths,October 2025,57
10557,West Pokot County,Total Perinatal Deaths,November 2025,52
10558,West Pokot County,Total Perinatal Deaths,December 2025,65
10559,West Pokot County,Total Perinatal Deaths,January 2026,62
10560,West Pokot County,Total Perinatal Deaths,February 2026,80
10561,West Pokot County,Total Perinatal Deaths,March 2026,75
10562,West Pokot County,Total Perinatal Deaths,April 2026,70
10563,Migori County,MOH 711 Rev 2020_Maternal deaths 25+ Years,August 2025,1
10564,Trans Nzoia County,MOH 711 Rev 2020_Maternal deaths 25+ Years,March 2026,1
10565,Migori County,MOH 711 Rev 2020_Maternal deaths 25+ Years,September 2025,4
10566,Trans Nzoia County,MOH 711 Rev 2020_Maternal deaths 25+ Years,February 2026,1
10567,Trans Nzoia County,MOH 711 Rev 2020_Maternal deaths 25+ Years,January 2026,1
10568,Migori County,MOH 711 Rev 2020_Maternal deaths 25+ Years,July 2025,3
10569,Trans Nzoia County,MOH 711 Rev 2020_Maternal deaths 25+ Years,April 2026,1
10570,Mombasa County,MOH 711 Rev 2020_Maternal deaths 25+ Years,April 2026,1
10571,Uasin Gishu County,MOH 711 Rev 2020_Maternal deaths 25+ Years,October 2025,2
10572,Mombasa County,MOH 711 Rev 2020_Maternal deaths 25+ Years,March 2026,6
10573,Kericho County,MOH 711 Rev 2020_Maternal deaths 25+ Years,November 2025,1
10574,Kericho County,MOH 711 Rev 2020_Maternal deaths 25+ Years,December 2025,1
10575,Mombasa County,MOH 711 Rev 2020_Maternal deaths 25+ Years,January 2026,3
10576,Kericho County,MOH 711 Rev 2020_Maternal deaths 25+ Years,October 2025,2
10577,Embu County,MOH 711 Rev 2020_Maternal deaths 25+ Years,April 2026,2
10578,Isiolo County,MOH 711 Rev 2020_Maternal deaths 25+ Years,February 2026,1
10579,Tharaka Nithi County,MOH 711 Rev 2020_Maternal deaths 25+ Years,October 2025,1
10580,Isiolo County,MOH 711 Rev 2020_Maternal deaths 25+ Years,April 2026,4
10581,Isiolo County,MOH 711 Rev 2020_Maternal deaths 25+ Years,March 2026,1
10582,Lamu County,MOH 711 Rev 2020_Maternal deaths 25+ Years,December 2025,1
10583,Lamu County,MOH 711 Rev 2020_Maternal deaths 25+ Years,November 2025,1
10584,Meru County,MOH 711 Rev 2020_Maternal deaths 25+ Years,December 2025,2
10585,Nandi County,MOH 711 Rev 2020_Maternal deaths 25+ Years,February 2026,1
10586,Embu County,MOH 711 Rev 2020_Maternal deaths 25+ Years,January 2026,2
10587,Nyandarua County,MOH 711 Rev 2020_Maternal deaths 25+ Years,February 2026,1
10588,Vihiga County,MOH 711 Rev 2020_Maternal deaths 25+ Years,August 2025,1
10589,Embu County,MOH 711 Rev 2020_Maternal deaths 25+ Years,February 2026,2
10590,Vihiga County,MOH 711 Rev 2020_Maternal deaths 25+ Years,July 2025,3
10591,Mandera County,MOH 711 Rev 2020_Maternal deaths 25+ Years,January 2026,2
10592,Vihiga County,MOH 711 Rev 2020_Maternal deaths 25+ Years,June 2025,1
10593,Vihiga County,MOH 711 Rev 2020_Maternal deaths 25+ Years,October 2025,2
10594,Lamu County,MOH 711 Rev 2020_Maternal deaths 25+ Years,June 2025,1
10595,Migori County,MOH 711 Rev 2020_Maternal deaths 25+ Years,November 2025,1
10596,Kericho County,MOH 711 Rev 2020_Maternal deaths 25+ Years,May 2025,2
10597,Migori County,MOH 711 Rev 2020_Maternal deaths 25+ Years,December 2025,8
10598,Kitui County,MOH 711 Rev 2020_Maternal deaths 25+ Years,March 2026,1
10599,Kitui County,MOH 711 Rev 2020_Maternal deaths 25+ Years,April 2026,1
10600,Kitui County,MOH 711 Rev 2020_Maternal deaths 25+ Years,January 2026,2
10601,Kitui County,MOH 711 Rev 2020_Maternal deaths 25+ Years,February 2026,1
10602,Migori County,MOH 711 Rev 2020_Maternal deaths 25+ Years,October 2025,4
10603,Kericho County,MOH 711 Rev 2020_Maternal deaths 25+ Years,August 2025,1
10604,Kericho County,MOH 711 Rev 2020_Maternal deaths 25+ Years,September 2025,1
10605,Tana River County,MOH 711 Rev 2020_Maternal deaths 25+ Years,September 2025,2
10606,Tharaka Nithi County,MOH 711 Rev 2020_Maternal deaths 25+ Years,August 2025,1
10607,Tana River County,MOH 711 Rev 2020_Maternal deaths 25+ Years,June 2025,1
10608,Tana River County,MOH 711 Rev 2020_Maternal deaths 25+ Years,November 2025,3
10609,Tana River County,MOH 711 Rev 2020_Maternal deaths 25+ Years,October 2025,1
10610,Migori County,MOH 711 Rev 2020_Maternal deaths 25+ Years,March 2026,1
10611,Migori County,MOH 711 Rev 2020_Maternal deaths 25+ Years,April 2026,3
10612,Trans Nzoia County,MOH 711 Rev 2020_Maternal deaths 25+ Years,July 2025,2
10613,Baringo County,MOH 711 Rev 2020_Maternal deaths 25+ Years,May 2025,1
10614,Trans Nzoia County,MOH 711 Rev 2020_Maternal deaths 25+ Years,May 2025,1
10615,Migori County,MOH 711 Rev 2020_Maternal deaths 25+ Years,January 2026,1
10616,Migori County,MOH 711 Rev 2020_Maternal deaths 25+ Years,February 2026,1
10617,Embu County,MOH 711 Rev 2020_Maternal deaths 25+ Years,May 2025,1
10618,West Pokot County,MOH 711 Rev 2020_Maternal deaths 25+ Years,February 2026,4
10619,West Pokot County,MOH 711 Rev 2020_Maternal deaths 25+ Years,April 2026,1
10620,Embu County,MOH 711 Rev 2020_Maternal deaths 25+ Years,September 2025,1
10621,West Pokot County,MOH 711 Rev 2020_Maternal deaths 25+ Years,January 2026,3
10622,Kisii County,MOH 711 Rev 2020_Maternal deaths 25+ Years,December 2025,1
10623,Kisii County,MOH 711 Rev 2020_Maternal deaths 25+ Years,October 2025,1
10624,Kitui County,MOH 711 Rev 2020_Maternal deaths 25+ Years,August 2025,1
10625,Kitui County,MOH 711 Rev 2020_Maternal deaths 25+ Years,September 2025,2
10626,Kitui County,MOH 711 Rev 2020_Maternal deaths 25+ Years,June 2025,2
10627,Kitui County,MOH 711 Rev 2020_Maternal deaths 25+ Years,July 2025,1
10628,Lamu County,MOH 711 Rev 2020_Maternal deaths 25+ Years,March 2026,1
10629,Kakamega County,MOH 711 Rev 2020_Maternal deaths 25+ Years,March 2026,2
10630,Siaya County,MOH 711 Rev 2020_Maternal deaths 25+ Years,March 2026,1
10631,Kakamega County,MOH 711 Rev 2020_Maternal deaths 25+ Years,February 2026,2
10632,Kitui County,MOH 711 Rev 2020_Maternal deaths 25+ Years,May 2025,2
10633,Kakamega County,MOH 711 Rev 2020_Maternal deaths 25+ Years,April 2026,2
10634,Siaya County,MOH 711 Rev 2020_Maternal deaths 25+ Years,February 2026,1
10635,Uasin Gishu County,MOH 711 Rev 2020_Maternal deaths 25+ Years,May 2025,2
10636,Uasin Gishu County,MOH 711 Rev 2020_Maternal deaths 25+ Years,June 2025,2
10637,Uasin Gishu County,MOH 711 Rev 2020_Maternal deaths 25+ Years,August 2025,2
10638,Tharaka Nithi County,MOH 711 Rev 2020_Maternal deaths 25+ Years,March 2026,1
10639,Tharaka Nithi County,MOH 711 Rev 2020_Maternal deaths 25+ Years,February 2026,1
10640,Tharaka Nithi County,MOH 711 Rev 2020_Maternal deaths 25+ Years,April 2026,2
10641,Baringo County,MOH 711 Rev 2020_Maternal deaths 25+ Years,February 2026,2
10642,Garissa County,MOH 711 Rev 2020_Maternal deaths 25+ Years,May 2025,1
10643,Baringo County,MOH 711 Rev 2020_Maternal deaths 25+ Years,March 2026,1
10644,Baringo County,MOH 711 Rev 2020_Maternal deaths 25+ Years,April 2026,2
10645,Garissa County,MOH 711 Rev 2020_Maternal deaths 25+ Years,July 2025,3
10646,Narok County,MOH 711 Rev 2020_Maternal deaths 25+ Years,March 2026,1
10647,Garissa County,MOH 711 Rev 2020_Maternal deaths 25+ Years,June 2025,2
10648,Narok County,MOH 711 Rev 2020_Maternal deaths 25+ Years,April 2026,1
10649,Kitui County,MOH 711 Rev 2020_Maternal deaths 25+ Years,December 2025,2
10650,Baringo County,MOH 711 Rev 2020_Maternal deaths 25+ Years,January 2026,1
10651,Kitui County,MOH 711 Rev 2020_Maternal deaths 25+ Years,October 2025,1
10652,Marsabit County,MOH 711 Rev 2020_Maternal deaths 25+ Years,March 2026,1
10653,Muranga County,MOH 711 Rev 2020_Maternal deaths 25+ Years,February 2026,1
10654,West Pokot County,MOH 711 Rev 2020_Maternal deaths 25+ Years,June 2025,1
10655,Homa Bay County,MOH 711 Rev 2020_Maternal deaths 25+ Years,May 2025,1
10656,Marsabit County,MOH 711 Rev 2020_Maternal deaths 25+ Years,February 2026,1
10657,Marsabit County,MOH 711 Rev 2020_Maternal deaths 25+ Years,January 2026,1
10658,Garissa County,MOH 711 Rev 2020_Maternal deaths 25+ Years,September 2025,2
10659,Garissa County,MOH 711 Rev 2020_Maternal deaths 25+ Years,August 2025,3
10660,Nakuru County,MOH 711 Rev 2020_Maternal deaths 25+ Years,December 2025,3
10661,Nakuru County,MOH 711 Rev 2020_Maternal deaths 25+ Years,November 2025,5
10662,Nakuru County,MOH 711 Rev 2020_Maternal deaths 25+ Years,October 2025,3
10663,West Pokot County,MOH 711 Rev 2020_Maternal deaths 25+ Years,September 2025,3
10664,Laikipia County,MOH 711 Rev 2020_Maternal deaths 25+ Years,April 2026,1
10665,Machakos County,MOH 711 Rev 2020_Maternal deaths 25+ Years,October 2025,2
10666,Nyeri County,MOH 711 Rev 2020_Maternal deaths 25+ Years,December 2025,2
10667,Machakos County,MOH 711 Rev 2020_Maternal deaths 25+ Years,November 2025,1
10668,Machakos County,MOH 711 Rev 2020_Maternal deaths 25+ Years,December 2025,1
10669,Nyeri County,MOH 711 Rev 2020_Maternal deaths 25+ Years,November 2025,1
10670,Busia County,MOH 711 Rev 2020_Maternal deaths 25+ Years,November 2025,1
10671,Busia County,MOH 711 Rev 2020_Maternal deaths 25+ Years,December 2025,1
10672,Busia County,MOH 711 Rev 2020_Maternal deaths 25+ Years,October 2025,2
10673,Mombasa County,MOH 711 Rev 2020_Maternal deaths 25+ Years,December 2025,4
10674,Mombasa County,MOH 711 Rev 2020_Maternal deaths 25+ Years,November 2025,1
10675,Uasin Gishu County,MOH 711 Rev 2020_Maternal deaths 25+ Years,April 2026,2
10676,Mandera County,MOH 711 Rev 2020_Maternal deaths 25+ Years,October 2025,1
10677,West Pokot County,MOH 711 Rev 2020_Maternal deaths 25+ Years,November 2025,2
10678,Uasin Gishu County,MOH 711 Rev 2020_Maternal deaths 25+ Years,January 2026,4
10679,Homa Bay County,MOH 711 Rev 2020_Maternal deaths 25+ Years,November 2025,2
10680,Uasin Gishu County,MOH 711 Rev 2020_Maternal deaths 25+ Years,February 2026,1
10681,Homa Bay County,MOH 711 Rev 2020_Maternal deaths 25+ Years,December 2025,3
10682,West Pokot County,MOH 711 Rev 2020_Maternal deaths 25+ Years,December 2025,1
10683,Machakos County,MOH 711 Rev 2020_Maternal deaths 25+ Years,July 2025,3
10684,Machakos County,MOH 711 Rev 2020_Maternal deaths 25+ Years,August 2025,2
10685,Embu County,MOH 711 Rev 2020_Maternal deaths 25+ Years,October 2025,3
10686,Machakos County,MOH 711 Rev 2020_Maternal deaths 25+ Years,May 2025,1
10687,Embu County,MOH 711 Rev 2020_Maternal deaths 25+ Years,November 2025,2
10688,Machakos County,MOH 711 Rev 2020_Maternal deaths 25+ Years,June 2025,2
10689,Kiambu County,MOH 711 Rev 2020_Maternal deaths 25+ Years,February 2026,1
10690,Mandera County,MOH 711 Rev 2020_Maternal deaths 25+ Years,December 2025,5
10691,Kiambu County,MOH 711 Rev 2020_Maternal deaths 25+ Years,January 2026,1
10692,Nyeri County,MOH 711 Rev 2020_Maternal deaths 25+ Years,June 2025,1
10693,Machakos County,MOH 711 Rev 2020_Maternal deaths 25+ Years,September 2025,2
10694,Nyeri County,MOH 711 Rev 2020_Maternal deaths 25+ Years,July 2025,1
10695,Nyeri County,MOH 711 Rev 2020_Maternal deaths 25+ Years,August 2025,1
10696,Nyeri County,MOH 711 Rev 2020_Maternal deaths 25+ Years,February 2026,1
10697,Makueni County,MOH 711 Rev 2020_Maternal deaths 25+ Years,October 2025,2
10698,Mandera County,MOH 711 Rev 2020_Maternal deaths 25+ Years,September 2025,2
10699,Laikipia County,MOH 711 Rev 2020_Maternal deaths 25+ Years,December 2025,1
10700,Makueni County,MOH 711 Rev 2020_Maternal deaths 25+ Years,December 2025,2
10701,Laikipia County,MOH 711 Rev 2020_Maternal deaths 25+ Years,October 2025,2
10702,Mombasa County,MOH 711 Rev 2020_Maternal deaths 25+ Years,September 2025,1
10703,Laikipia County,MOH 711 Rev 2020_Maternal deaths 25+ Years,November 2025,1
10704,Mombasa County,MOH 711 Rev 2020_Maternal deaths 25+ Years,August 2025,2
10705,Mombasa County,MOH 711 Rev 2020_Maternal deaths 25+ Years,July 2025,4
10706,Mombasa County,MOH 711 Rev 2020_Maternal deaths 25+ Years,June 2025,4
10707,Mombasa County,MOH 711 Rev 2020_Maternal deaths 25+ Years,May 2025,3
10708,Marsabit County,MOH 711 Rev 2020_Maternal deaths 25+ Years,September 2025,2
10709,Marsabit County,MOH 711 Rev 2020_Maternal deaths 25+ Years,August 2025,1
10710,Kiambu County,MOH 711 Rev 2020_Maternal deaths 25+ Years,October 2025,2
10711,Mombasa County,MOH 711 Rev 2020_Maternal deaths 25+ Years,October 2025,2
10712,Homa Bay County,MOH 711 Rev 2020_Maternal deaths 25+ Years,March 2026,2
10713,Kiambu County,MOH 711 Rev 2020_Maternal deaths 25+ Years,December 2025,1
10714,Homa Bay County,MOH 711 Rev 2020_Maternal deaths 25+ Years,April 2026,1
10715,Kiambu County,MOH 711 Rev 2020_Maternal deaths 25+ Years,November 2025,2
10716,Homa Bay County,MOH 711 Rev 2020_Maternal deaths 25+ Years,January 2026,1
10717,Homa Bay County,MOH 711 Rev 2020_Maternal deaths 25+ Years,February 2026,1
10718,Mandera County,MOH 711 Rev 2020_Maternal deaths 25+ Years,May 2025,1
10719,Laikipia County,MOH 711 Rev 2020_Maternal deaths 25+ Years,May 2025,1
10720,Garissa County,MOH 711 Rev 2020_Maternal deaths 25+ Years,November 2025,4
10721,Laikipia County,MOH 711 Rev 2020_Maternal deaths 25+ Years,June 2025,1
10722,Makueni County,MOH 711 Rev 2020_Maternal deaths 25+ Years,May 2025,2
10723,Kericho County,MOH 711 Rev 2020_Maternal deaths 25+ Years,April 2026,1
10724,Kericho County,MOH 711 Rev 2020_Maternal deaths 25+ Years,February 2026,2
10725,Makueni County,MOH 711 Rev 2020_Maternal deaths 25+ Years,August 2025,3
10726,Garissa County,MOH 711 Rev 2020_Maternal deaths 25+ Years,October 2025,2
10727,Marsabit County,MOH 711 Rev 2020_Maternal deaths 25+ Years,December 2025,1
10728,Kiambu County,MOH 711 Rev 2020_Maternal deaths 25+ Years,July 2025,2
10729,Kiambu County,MOH 711 Rev 2020_Maternal deaths 25+ Years,June 2025,3
10730,Kiambu County,MOH 711 Rev 2020_Maternal deaths 25+ Years,September 2025,3
10731,Kiambu County,MOH 711 Rev 2020_Maternal deaths 25+ Years,August 2025,3
10732,Laikipia County,MOH 711 Rev 2020_Maternal deaths 25+ Years,September 2025,1
10733,Nyeri County,MOH 711 Rev 2020_Maternal deaths 25+ Years,April 2026,1
10734,Kiambu County,MOH 711 Rev 2020_Maternal deaths 25+ Years,May 2025,2
10735,Laikipia County,MOH 711 Rev 2020_Maternal deaths 25+ Years,August 2025,1
10736,Bomet County,MOH 711 Rev 2020_Maternal deaths 25+ Years,May 2025,1
10737,Wajir County,MOH 711 Rev 2020_Maternal deaths 25+ Years,September 2025,2
10738,Bomet County,MOH 711 Rev 2020_Maternal deaths 25+ Years,June 2025,2
10739,Wajir County,MOH 711 Rev 2020_Maternal deaths 25+ Years,August 2025,1
10740,Bomet County,MOH 711 Rev 2020_Maternal deaths 25+ Years,July 2025,1
10741,Bomet County,MOH 711 Rev 2020_Maternal deaths 25+ Years,August 2025,1
10742,Wajir County,MOH 711 Rev 2020_Maternal deaths 25+ Years,May 2025,1
10743,Bungoma County,MOH 711 Rev 2020_Maternal deaths 25+ Years,April 2026,1
10744,Kwale County,MOH 711 Rev 2020_Maternal deaths 25+ Years,July 2025,1
10745,Kwale County,MOH 711 Rev 2020_Maternal deaths 25+ Years,June 2025,3
10746,Kajiado County,MOH 711 Rev 2020_Maternal deaths 25+ Years,June 2025,1
10747,Kwale County,MOH 711 Rev 2020_Maternal deaths 25+ Years,May 2025,2
10748,Kajiado County,MOH 711 Rev 2020_Maternal deaths 25+ Years,May 2025,2
10749,Kilifi County,MOH 711 Rev 2020_Maternal deaths 25+ Years,June 2025,3
10750,Busia County,MOH 711 Rev 2020_Maternal deaths 25+ Years,March 2026,1
10751,Kajiado County,MOH 711 Rev 2020_Maternal deaths 25+ Years,August 2025,1
10752,Kilifi County,MOH 711 Rev 2020_Maternal deaths 25+ Years,May 2025,3
10753,Bungoma County,MOH 711 Rev 2020_Maternal deaths 25+ Years,January 2026,5
10754,Busia County,MOH 711 Rev 2020_Maternal deaths 25+ Years,April 2026,2
10755,Samburu County,MOH 711 Rev 2020_Maternal deaths 25+ Years,January 2026,3
10756,Bungoma County,MOH 711 Rev 2020_Maternal deaths 25+ Years,February 2026,1
10757,Bungoma County,MOH 711 Rev 2020_Maternal deaths 25+ Years,March 2026,7
10758,Kajiado County,MOH 711 Rev 2020_Maternal deaths 25+ Years,September 2025,4
10759,Kwale County,MOH 711 Rev 2020_Maternal deaths 25+ Years,September 2025,1
10760,Kwale County,MOH 711 Rev 2020_Maternal deaths 25+ Years,August 2025,2
10761,Kisumu County,MOH 711 Rev 2020_Maternal deaths 25+ Years,October 2025,2
10762,Kisumu County,MOH 711 Rev 2020_Maternal deaths 25+ Years,November 2025,1
10763,Kisumu County,MOH 711 Rev 2020_Maternal deaths 25+ Years,December 2025,3
10764,Kilifi County,MOH 711 Rev 2020_Maternal deaths 25+ Years,December 2025,6
10765,Kwale County,MOH 711 Rev 2020_Maternal deaths 25+ Years,October 2025,2
10766,Kilifi County,MOH 711 Rev 2020_Maternal deaths 25+ Years,November 2025,9
10767,Kilifi County,MOH 711 Rev 2020_Maternal deaths 25+ Years,October 2025,3
10768,Makueni County,MOH 711 Rev 2020_Maternal deaths 25+ Years,April 2026,1
10769,Nakuru County,MOH 711 Rev 2020_Maternal deaths 25+ Years,April 2026,1
10770,Wajir County,MOH 711 Rev 2020_Maternal deaths 25+ Years,December 2025,1
10771,Muranga County,MOH 711 Rev 2020_Maternal deaths 25+ Years,October 2025,3
10772,Wajir County,MOH 711 Rev 2020_Maternal deaths 25+ Years,November 2025,1
10773,Muranga County,MOH 711 Rev 2020_Maternal deaths 25+ Years,November 2025,1
10774,Wajir County,MOH 711 Rev 2020_Maternal deaths 25+ Years,October 2025,2
10775,Muranga County,MOH 711 Rev 2020_Maternal deaths 25+ Years,December 2025,3
10776,Kwale County,MOH 711 Rev 2020_Maternal deaths 25+ Years,December 2025,2
10777,Muranga County,MOH 711 Rev 2020_Maternal deaths 25+ Years,June 2025,3
10778,Muranga County,MOH 711 Rev 2020_Maternal deaths 25+ Years,July 2025,3
10779,Muranga County,MOH 711 Rev 2020_Maternal deaths 25+ Years,August 2025,3
10780,Muranga County,MOH 711 Rev 2020_Maternal deaths 25+ Years,September 2025,1
10781,Kirinyaga County,MOH 711 Rev 2020_Maternal deaths 25+ Years,February 2026,2
10782,Nakuru County,MOH 711 Rev 2020_Maternal deaths 25+ Years,February 2026,1
10783,Nakuru County,MOH 711 Rev 2020_Maternal deaths 25+ Years,January 2026,5
10784,Kirinyaga County,MOH 711 Rev 2020_Maternal deaths 25+ Years,March 2026,1
10785,Busia County,MOH 711 Rev 2020_Maternal deaths 25+ Years,August 2025,1
10786,Busia County,MOH 711 Rev 2020_Maternal deaths 25+ Years,September 2025,3
10787,Busia County,MOH 711 Rev 2020_Maternal deaths 25+ Years,June 2025,2
10788,Busia County,MOH 711 Rev 2020_Maternal deaths 25+ Years,July 2025,1
10789,Garissa County,MOH 711 Rev 2020_Maternal deaths 25+ Years,January 2026,2
10790,Taita Taveta County,MOH 711 Rev 2020_Maternal deaths 25+ Years,July 2025,2
10791,Garissa County,MOH 711 Rev 2020_Maternal deaths 25+ Years,April 2026,1
10792,Machakos County,MOH 711 Rev 2020_Maternal deaths 25+ Years,February 2026,1
10793,Garissa County,MOH 711 Rev 2020_Maternal deaths 25+ Years,March 2026,2
10794,Machakos County,MOH 711 Rev 2020_Maternal deaths 25+ Years,March 2026,1
10795,Bungoma County,MOH 711 Rev 2020_Maternal deaths 25+ Years,May 2025,2
10796,Kajiado County,MOH 711 Rev 2020_Maternal deaths 25+ Years,March 2026,2
10797,Bungoma County,MOH 711 Rev 2020_Maternal deaths 25+ Years,June 2025,3
10798,Kajiado County,MOH 711 Rev 2020_Maternal deaths 25+ Years,February 2026,5
10799,Bungoma County,MOH 711 Rev 2020_Maternal deaths 25+ Years,July 2025,2
10800,Kwale County,MOH 711 Rev 2020_Maternal deaths 25+ Years,April 2026,3
10801,Narok County,MOH 711 Rev 2020_Maternal deaths 25+ Years,August 2025,3
10802,Bungoma County,MOH 711 Rev 2020_Maternal deaths 25+ Years,August 2025,3
10803,Kajiado County,MOH 711 Rev 2020_Maternal deaths 25+ Years,April 2026,2
10804,Kwale County,MOH 711 Rev 2020_Maternal deaths 25+ Years,March 2026,1
10805,Kilifi County,MOH 711 Rev 2020_Maternal deaths 25+ Years,April 2026,4
10806,Kwale County,MOH 711 Rev 2020_Maternal deaths 25+ Years,February 2026,2
10807,Kilifi County,MOH 711 Rev 2020_Maternal deaths 25+ Years,March 2026,1
10808,Kilifi County,MOH 711 Rev 2020_Maternal deaths 25+ Years,February 2026,4
10809,Kilifi County,MOH 711 Rev 2020_Maternal deaths 25+ Years,January 2026,7
10810,Elgeyo Marakwet County,MOH 711 Rev 2020_Maternal deaths 25+ Years,July 2025,1
10811,Bungoma County,MOH 711 Rev 2020_Maternal deaths 25+ Years,September 2025,1
10812,Narok County,MOH 711 Rev 2020_Maternal deaths 25+ Years,October 2025,3
10813,Bungoma County,MOH 711 Rev 2020_Maternal deaths 25+ Years,October 2025,3
10814,Narok County,MOH 711 Rev 2020_Maternal deaths 25+ Years,November 2025,1
10815,Bungoma County,MOH 711 Rev 2020_Maternal deaths 25+ Years,November 2025,1
10816,Narok County,MOH 711 Rev 2020_Maternal deaths 25+ Years,December 2025,1
10817,Nakuru County,MOH 711 Rev 2020_Maternal deaths 25+ Years,September 2025,4
10818,Nakuru County,MOH 711 Rev 2020_Maternal deaths 25+ Years,August 2025,2
10819,Nakuru County,MOH 711 Rev 2020_Maternal deaths 25+ Years,July 2025,5
10820,Nakuru County,MOH 711 Rev 2020_Maternal deaths 25+ Years,June 2025,3
10821,Nakuru County,MOH 711 Rev 2020_Maternal deaths 25+ Years,May 2025,3
10822,Turkana County,MOH 711 Rev 2020_Maternal deaths 25+ Years,February 2026,1
10823,Turkana County,MOH 711 Rev 2020_Maternal deaths 25+ Years,April 2026,5
10824,Bomet County,MOH 711 Rev 2020_Maternal deaths 25+ Years,October 2025,1
10825,Turkana County,MOH 711 Rev 2020_Maternal deaths 25+ Years,March 2026,2
10826,Bungoma County,MOH 711 Rev 2020_Maternal deaths 25+ Years,December 2025,2
10827,Kisumu County,MOH 711 Rev 2020_Maternal deaths 25+ Years,July 2025,1
10828,Kisumu County,MOH 711 Rev 2020_Maternal deaths 25+ Years,August 2025,2
10829,Nyamira County,MOH 711 Rev 2020_Maternal deaths 25+ Years,December 2025,1
10830,Machakos County,MOH 711 Rev 2020_Maternal deaths 25+ Years,April 2026,3
10831,Kisumu County,MOH 711 Rev 2020_Maternal deaths 25+ Years,May 2025,3
10832,Kisumu County,MOH 711 Rev 2020_Maternal deaths 25+ Years,June 2025,3
10833,Kakamega County,MOH 711 Rev 2020_Maternal deaths 25+ Years,November 2025,3
10834,Kakamega County,MOH 711 Rev 2020_Maternal deaths 25+ Years,October 2025,1
10835,Siaya County,MOH 711 Rev 2020_Maternal deaths 25+ Years,December 2025,2
10836,Kakamega County,MOH 711 Rev 2020_Maternal deaths 25+ Years,December 2025,5
10837,Nairobi County,MOH 711 Rev 2020_Maternal deaths 25+ Years,February 2026,10
10838,Nairobi County,MOH 711 Rev 2020_Maternal deaths 25+ Years,January 2026,15
10839,Elgeyo Marakwet County,MOH 711 Rev 2020_Maternal deaths 25+ Years,April 2026,19
10840,Nyamira County,MOH 711 Rev 2020_Maternal deaths 25+ Years,August 2025,1
10841,Nairobi County,MOH 711 Rev 2020_Maternal deaths 25+ Years,April 2026,15
10842,Nairobi County,MOH 711 Rev 2020_Maternal deaths 25+ Years,March 2026,10
10843,Nyamira County,MOH 711 Rev 2020_Maternal deaths 25+ Years,May 2025,1
10844,Trans Nzoia County,MOH 711 Rev 2020_Maternal deaths 25+ Years,December 2025,1
10845,Turkana County,MOH 711 Rev 2020_Maternal deaths 25+ Years,June 2025,2
10846,Turkana County,MOH 711 Rev 2020_Maternal deaths 25+ Years,September 2025,1
10847,Turkana County,MOH 711 Rev 2020_Maternal deaths 25+ Years,August 2025,2
10848,Kakamega County,MOH 711 Rev 2020_Maternal deaths 25+ Years,August 2025,2
10849,Siaya County,MOH 711 Rev 2020_Maternal deaths 25+ Years,August 2025,2
10850,Kakamega County,MOH 711 Rev 2020_Maternal deaths 25+ Years,July 2025,6
10851,Siaya County,MOH 711 Rev 2020_Maternal deaths 25+ Years,September 2025,2
10852,Kakamega County,MOH 711 Rev 2020_Maternal deaths 25+ Years,September 2025,1
10853,Siaya County,MOH 711 Rev 2020_Maternal deaths 25+ Years,July 2025,1
10854,Trans Nzoia County,MOH 711 Rev 2020_Maternal deaths 25+ Years,November 2025,1
10855,Siaya County,MOH 711 Rev 2020_Maternal deaths 25+ Years,May 2025,2
10856,Kakamega County,MOH 711 Rev 2020_Maternal deaths 25+ Years,June 2025,3
10857,Kisii County,MOH 711 Rev 2020_Maternal deaths 25+ Years,September 2025,3
10858,Kisii County,MOH 711 Rev 2020_Maternal deaths 25+ Years,June 2025,1
10859,Kisii County,MOH 711 Rev 2020_Maternal deaths 25+ Years,May 2025,1
10860,Kisii County,MOH 711 Rev 2020_Maternal deaths 25+ Years,August 2025,2
10861,Kisii County,MOH 711 Rev 2020_Maternal deaths 25+ Years,July 2025,1
10862,Meru County,MOH 711 Rev 2020_Maternal deaths 25+ Years,March 2026,1
10863,Meru County,MOH 711 Rev 2020_Maternal deaths 25+ Years,February 2026,4
10864,Kisumu County,MOH 711 Rev 2020_Maternal deaths 25+ Years,January 2026,4
10865,Meru County,MOH 711 Rev 2020_Maternal deaths 25+ Years,April 2026,1
10866,Isiolo County,MOH 711 Rev 2020_Maternal deaths 25+ Years,October 2025,1
10867,Kisumu County,MOH 711 Rev 2020_Maternal deaths 25+ Years,February 2026,3
10868,Kisumu County,MOH 711 Rev 2020_Maternal deaths 25+ Years,March 2026,2
10869,Isiolo County,MOH 711 Rev 2020_Maternal deaths 25+ Years,December 2025,1
10870,Kisumu County,MOH 711 Rev 2020_Maternal deaths 25+ Years,April 2026,3
10871,Nyandarua County,MOH 711 Rev 2020_Maternal deaths 25+ Years,December 2025,2
10872,Vihiga County,MOH 711 Rev 2020_Maternal deaths 25+ Years,April 2026,1
10873,Vihiga County,MOH 711 Rev 2020_Maternal deaths 25+ Years,March 2026,1
10874,Vihiga County,MOH 711 Rev 2020_Maternal deaths 25+ Years,February 2026,1
10875,Vihiga County,MOH 711 Rev 2020_Maternal deaths 25+ Years,January 2026,3
10876,Wajir County,MOH 711 Rev 2020_Maternal deaths 25+ Years,April 2026,2
10877,Wajir County,MOH 711 Rev 2020_Maternal deaths 25+ Years,February 2026,1
10878,Turkana County,MOH 711 Rev 2020_Maternal deaths 25+ Years,October 2025,1
10879,Bomet County,MOH 711 Rev 2020_Maternal deaths 25+ Years,January 2026,3
10880,Turkana County,MOH 711 Rev 2020_Maternal deaths 25+ Years,December 2025,2
10881,Bomet County,MOH 711 Rev 2020_Maternal deaths 25+ Years,February 2026,3
10882,Isiolo County,MOH 711 Rev 2020_Maternal deaths 25+ Years,May 2025,1
10883,Nairobi County,MOH 711 Rev 2020_Maternal deaths 25+ Years,July 2025,8
10884,Nairobi County,MOH 711 Rev 2020_Maternal deaths 25+ Years,June 2025,12
10885,Nyandarua County,MOH 711 Rev 2020_Maternal deaths 25+ Years,July 2025,1
10886,Nyamira County,MOH 711 Rev 2020_Maternal deaths 25+ Years,January 2026,1
10887,Nairobi County,MOH 711 Rev 2020_Maternal deaths 25+ Years,May 2025,17
10888,Nandi County,MOH 711 Rev 2020_Maternal deaths 25+ Years,August 2025,2
10889,Nandi County,MOH 711 Rev 2020_Maternal deaths 25+ Years,September 2025,2
10890,Nairobi County,MOH 711 Rev 2020_Maternal deaths 25+ Years,September 2025,12
10891,Nandi County,MOH 711 Rev 2020_Maternal deaths 25+ Years,June 2025,1
10892,Nairobi County,MOH 711 Rev 2020_Maternal deaths 25+ Years,August 2025,13
10893,Nandi County,MOH 711 Rev 2020_Maternal deaths 25+ Years,July 2025,2
10894,Nairobi County,MOH 711 Rev 2020_Maternal deaths 25+ Years,October 2025,11
10895,Nairobi County,MOH 711 Rev 2020_Maternal deaths 25+ Years,December 2025,5
10896,Nairobi County,MOH 711 Rev 2020_Maternal deaths 25+ Years,November 2025,5
10897,Kirinyaga County,MOH 711 Rev 2020_Maternal deaths 25+ Years,August 2025,1
10898,Nandi County,MOH 711 Rev 2020_Maternal deaths 25+ Years,November 2025,1
10899,Kisii County,MOH 711 Rev 2020_Maternal deaths 25+ Years,January 2026,1
10900,Kisii County,MOH 711 Rev 2020_Maternal deaths 25+ Years,March 2026,1
10901,Meru County,MOH 711 Rev 2020_Maternal deaths 25+ Years,June 2025,2
10902,Kisii County,MOH 711 Rev 2020_Maternal deaths 25+ Years,February 2026,1
10903,Meru County,MOH 711 Rev 2020_Maternal deaths 25+ Years,August 2025,1
10904,Kirinyaga County,MOH 711 Rev 2020_Maternal deaths 25+ Years,June 2025,1
10905,Tana River County,MOH 711 Rev 2020_Maternal deaths 25+ Years,March 2026,1
10906,Kirinyaga County,MOH 711 Rev 2020_Maternal deaths 25+ Years,May 2025,2
10907,Tana River County,MOH 711 Rev 2020_Maternal deaths 25+ Years,February 2026,1
10908,Meru County,MOH 711 Rev 2020_Maternal deaths 25+ Years,September 2025,1
10909,Baringo County,Total Perinatal Deaths,May 2025,31
10910,Baringo County,Total Perinatal Deaths,June 2025,30
10911,Baringo County,Total Perinatal Deaths,July 2025,24
10912,Baringo County,Total Perinatal Deaths,August 2025,22
10913,Baringo County,Total Perinatal Deaths,September 2025,26
10914,Baringo County,Total Perinatal Deaths,October 2025,30
10915,Baringo County,Total Perinatal Deaths,November 2025,35
10916,Baringo County,Total Perinatal Deaths,December 2025,29
10917,Baringo County,Total Perinatal Deaths,January 2026,28
10918,Baringo County,Total Perinatal Deaths,February 2026,18
10919,Baringo County,Total Perinatal Deaths,March 2026,40
10920,Baringo County,Total Perinatal Deaths,April 2026,27
10921,Bomet County,Total Perinatal Deaths,May 2025,29
10922,Bomet County,Total Perinatal Deaths,June 2025,34
10923,Bomet County,Total Perinatal Deaths,July 2025,39
10924,Bomet County,Total Perinatal Deaths,August 2025,24
10925,Bomet County,Total Perinatal Deaths,September 2025,43
10926,Bomet County,Total Perinatal Deaths,October 2025,43
10927,Bomet County,Total Perinatal Deaths,November 2025,27
10928,Bomet County,Total Perinatal Deaths,December 2025,35
10929,Bomet County,Total Perinatal Deaths,January 2026,56
10930,Bomet County,Total Perinatal Deaths,February 2026,38
10931,Bomet County,Total Perinatal Deaths,March 2026,39
10932,Bomet County,Total Perinatal Deaths,April 2026,56
10933,Bungoma County,Total Perinatal Deaths,May 2025,75
10934,Bungoma County,Total Perinatal Deaths,June 2025,76
10935,Bungoma County,Total Perinatal Deaths,July 2025,99
10936,Bungoma County,Total Perinatal Deaths,August 2025,91
10937,Bungoma County,Total Perinatal Deaths,September 2025,76
10938,Bungoma County,Total Perinatal Deaths,October 2025,74
10939,Bungoma County,Total Perinatal Deaths,November 2025,77
10940,Bungoma County,Total Perinatal Deaths,December 2025,59
10941,Bungoma County,Total Perinatal Deaths,January 2026,64
10942,Bungoma County,Total Perinatal Deaths,February 2026,70
10943,Bungoma County,Total Perinatal Deaths,March 2026,82
10944,Bungoma County,Total Perinatal Deaths,April 2026,77
10945,Busia County,Total Perinatal Deaths,May 2025,46
10946,Busia County,Total Perinatal Deaths,June 2025,30
10947,Busia County,Total Perinatal Deaths,July 2025,36
10948,Busia County,Total Perinatal Deaths,August 2025,32
10949,Busia County,Total Perinatal Deaths,September 2025,36
10950,Busia County,Total Perinatal Deaths,October 2025,66
10951,Busia County,Total Perinatal Deaths,November 2025,40
10952,Busia County,Total Perinatal Deaths,December 2025,35
10953,Busia County,Total Perinatal Deaths,January 2026,47
10954,Busia County,Total Perinatal Deaths,February 2026,32
10955,Busia County,Total Perinatal Deaths,March 2026,35
10956,Busia County,Total Perinatal Deaths,April 2026,37
10957,Elgeyo Marakwet County,Total Perinatal Deaths,May 2025,23
10958,Elgeyo Marakwet County,Total Perinatal Deaths,June 2025,12
10959,Elgeyo Marakwet County,Total Perinatal Deaths,July 2025,26
10960,Elgeyo Marakwet County,Total Perinatal Deaths,August 2025,22
10961,Elgeyo Marakwet County,Total Perinatal Deaths,September 2025,37
10962,Elgeyo Marakwet County,Total Perinatal Deaths,October 2025,26
10963,Elgeyo Marakwet County,Total Perinatal Deaths,November 2025,10
10964,Elgeyo Marakwet County,Total Perinatal Deaths,December 2025,13
10965,Elgeyo Marakwet County,Total Perinatal Deaths,January 2026,15
10966,Elgeyo Marakwet County,Total Perinatal Deaths,February 2026,15
10967,Elgeyo Marakwet County,Total Perinatal Deaths,March 2026,18
10968,Elgeyo Marakwet County,Total Perinatal Deaths,April 2026,16
10969,Embu County,Total Perinatal Deaths,May 2025,31
10970,Embu County,Total Perinatal Deaths,June 2025,31
10971,Embu County,Total Perinatal Deaths,July 2025,47
10972,Embu County,Total Perinatal Deaths,August 2025,38
10973,Embu County,Total Perinatal Deaths,September 2025,25
10974,Embu County,Total Perinatal Deaths,October 2025,39
10975,Embu County,Total Perinatal Deaths,November 2025,21
10976,Embu County,Total Perinatal Deaths,December 2025,28
10977,Embu County,Total Perinatal Deaths,January 2026,21
10978,Embu County,Total Perinatal Deaths,February 2026,24
10979,Embu County,Total Perinatal Deaths,March 2026,26
10980,Embu County,Total Perinatal Deaths,April 2026,17
10981,Garissa County,Total Perinatal Deaths,May 2025,81
10982,Garissa County,Total Perinatal Deaths,June 2025,74
10983,Garissa County,Total Perinatal Deaths,July 2025,62
10984,Garissa County,Total Perinatal Deaths,August 2025,47
10985,Garissa County,Total Perinatal Deaths,September 2025,42
10986,Garissa County,Total Perinatal Deaths,October 2025,46
10987,Garissa County,Total Perinatal Deaths,November 2025,58
10988,Garissa County,Total Perinatal Deaths,December 2025,63
10989,Garissa County,Total Perinatal Deaths,January 2026,64
10990,Garissa County,Total Perinatal Deaths,February 2026,69
10991,Garissa County,Total Perinatal Deaths,March 2026,97
10992,Garissa County,Total Perinatal Deaths,April 2026,97
10993,Homa Bay County,Total Perinatal Deaths,May 2025,43
10994,Homa Bay County,Total Perinatal Deaths,June 2025,38
10995,Homa Bay County,Total Perinatal Deaths,July 2025,42
10996,Homa Bay County,Total Perinatal Deaths,August 2025,37
10997,Homa Bay County,Total Perinatal Deaths,September 2025,51
10998,Homa Bay County,Total Perinatal Deaths,October 2025,48
10999,Homa Bay County,Total Perinatal Deaths,November 2025,43
11000,Homa Bay County,Total Perinatal Deaths,December 2025,44
11001,Homa Bay County,Total Perinatal Deaths,January 2026,56
11002,Homa Bay County,Total Perinatal Deaths,February 2026,48
11003,Homa Bay County,Total Perinatal Deaths,March 2026,38
11004,Homa Bay County,Total Perinatal Deaths,April 2026,36
11005,Isiolo County,Total Perinatal Deaths,May 2025,15
11006,Isiolo County,Total Perinatal Deaths,June 2025,7
11007,Isiolo County,Total Perinatal Deaths,July 2025,10
11008,Isiolo County,Total Perinatal Deaths,August 2025,13
11009,Isiolo County,Total Perinatal Deaths,September 2025,7
11010,Isiolo County,Total Perinatal Deaths,October 2025,11
11011,Isiolo County,Total Perinatal Deaths,November 2025,12
11012,Isiolo County,Total Perinatal Deaths,December 2025,20
11013,Isiolo County,Total Perinatal Deaths,January 2026,6
11014,Isiolo County,Total Perinatal Deaths,February 2026,16
11015,Isiolo County,Total Perinatal Deaths,March 2026,11
11016,Isiolo County,Total Perinatal Deaths,April 2026,5
11017,Kajiado County,Total Perinatal Deaths,May 2025,66
11018,Kajiado County,Total Perinatal Deaths,June 2025,75
11019,Kajiado County,Total Perinatal Deaths,July 2025,62
11020,Kajiado County,Total Perinatal Deaths,August 2025,65
11021,Kajiado County,Total Perinatal Deaths,September 2025,47
11022,Kajiado County,Total Perinatal Deaths,October 2025,65
11023,Kajiado County,Total Perinatal Deaths,November 2025,53
11024,Kajiado County,Total Perinatal Deaths,December 2025,61
11025,Kajiado County,Total Perinatal Deaths,January 2026,59
11026,Kajiado County,Total Perinatal Deaths,February 2026,41
11027,Kajiado County,Total Perinatal Deaths,March 2026,72
11028,Kajiado County,Total Perinatal Deaths,April 2026,81
11029,Kakamega County,Total Perinatal Deaths,May 2025,69
11030,Kakamega County,Total Perinatal Deaths,June 2025,75
11031,Kakamega County,Total Perinatal Deaths,July 2025,113
11032,Kakamega County,Total Perinatal Deaths,August 2025,97
11033,Kakamega County,Total Perinatal Deaths,September 2025,102
11034,Kakamega County,Total Perinatal Deaths,October 2025,104
11035,Kakamega County,Total Perinatal Deaths,November 2025,94
11036,Kakamega County,Total Perinatal Deaths,December 2025,99
11037,Kakamega County,Total Perinatal Deaths,January 2026,94
11038,Kakamega County,Total Perinatal Deaths,February 2026,97
11039,Kakamega County,Total Perinatal Deaths,March 2026,112
11040,Kakamega County,Total Perinatal Deaths,April 2026,94
11041,Kericho County,Total Perinatal Deaths,May 2025,67
11042,Kericho County,Total Perinatal Deaths,June 2025,55
11043,Kericho County,Total Perinatal Deaths,July 2025,41
11044,Kericho County,Total Perinatal Deaths,August 2025,34
11045,Kericho County,Total Perinatal Deaths,September 2025,35
11046,Kericho County,Total Perinatal Deaths,October 2025,53
11047,Kericho County,Total Perinatal Deaths,November 2025,60
11048,Kericho County,Total Perinatal Deaths,December 2025,50
11049,Kericho County,Total Perinatal Deaths,January 2026,40
11050,Kericho County,Total Perinatal Deaths,February 2026,51
11051,Kericho County,Total Perinatal Deaths,March 2026,55
11052,Kericho County,Total Perinatal Deaths,April 2026,43
11053,Kiambu County,Total Perinatal Deaths,May 2025,95
11054,Kiambu County,Total Perinatal Deaths,June 2025,90
11055,Kiambu County,Total Perinatal Deaths,July 2025,91
11056,Kiambu County,Total Perinatal Deaths,August 2025,95
11057,Kiambu County,Total Perinatal Deaths,September 2025,110
11058,Kiambu County,Total Perinatal Deaths,October 2025,96
11059,Kiambu County,Total Perinatal Deaths,November 2025,100
11060,Kiambu County,Total Perinatal Deaths,December 2025,101
11061,Kiambu County,Total Perinatal Deaths,January 2026,87
11062,Kiambu County,Total Perinatal Deaths,February 2026,91
11063,Kiambu County,Total Perinatal Deaths,March 2026,88
11064,Kiambu County,Total Perinatal Deaths,April 2026,103
11065,Kilifi County,Total Perinatal Deaths,May 2025,109
11066,Kilifi County,Total Perinatal Deaths,June 2025,104
11067,Kilifi County,Total Perinatal Deaths,July 2025,89
11068,Kilifi County,Total Perinatal Deaths,August 2025,81
11069,Kilifi County,Total Perinatal Deaths,September 2025,70
11070,Kilifi County,Total Perinatal Deaths,October 2025,100
11071,Kilifi County,Total Perinatal Deaths,November 2025,89
11072,Kilifi County,Total Perinatal Deaths,December 2025,80
11073,Kilifi County,Total Perinatal Deaths,January 2026,137
11074,Kilifi County,Total Perinatal Deaths,February 2026,93
11075,Kilifi County,Total Perinatal Deaths,March 2026,94
11076,Kilifi County,Total Perinatal Deaths,April 2026,146
11077,Kirinyaga County,Total Perinatal Deaths,May 2025,21
11078,Kirinyaga County,Total Perinatal Deaths,June 2025,26
11079,Kirinyaga County,Total Perinatal Deaths,July 2025,31
11080,Kirinyaga County,Total Perinatal Deaths,August 2025,24
11081,Kirinyaga County,Total Perinatal Deaths,September 2025,26
11082,Kirinyaga County,Total Perinatal Deaths,October 2025,44
11083,Kirinyaga County,Total Perinatal Deaths,November 2025,20
11084,Kirinyaga County,Total Perinatal Deaths,December 2025,30
11085,Kirinyaga County,Total Perinatal Deaths,January 2026,22
11086,Kirinyaga County,Total Perinatal Deaths,February 2026,22
11087,Kirinyaga County,Total Perinatal Deaths,March 2026,33
11088,Kirinyaga County,Total Perinatal Deaths,April 2026,29
11089,Kisii County,Total Perinatal Deaths,May 2025,37
11090,Kisii County,Total Perinatal Deaths,June 2025,35
11091,Kisii County,Total Perinatal Deaths,July 2025,43
11092,Kisii County,Total Perinatal Deaths,August 2025,28
11093,Kisii County,Total Perinatal Deaths,September 2025,33
11094,Kisii County,Total Perinatal Deaths,October 2025,32
11095,Kisii County,Total Perinatal Deaths,November 2025,30
11096,Kisii County,Total Perinatal Deaths,December 2025,31
11097,Kisii County,Total Perinatal Deaths,January 2026,19
11098,Kisii County,Total Perinatal Deaths,February 2026,30
11099,Kisii County,Total Perinatal Deaths,March 2026,28
11100,Kisii County,Total Perinatal Deaths,April 2026,42
11101,Kisumu County,Total Perinatal Deaths,May 2025,55
11102,Kisumu County,Total Perinatal Deaths,June 2025,85
11103,Kisumu County,Total Perinatal Deaths,July 2025,86
11104,Kisumu County,Total Perinatal Deaths,August 2025,67
11105,Kisumu County,Total Perinatal Deaths,September 2025,43
11106,Kisumu County,Total Perinatal Deaths,October 2025,73
11107,Kisumu County,Total Perinatal Deaths,November 2025,81
11108,Kisumu County,Total Perinatal Deaths,December 2025,68
11109,Kisumu County,Total Perinatal Deaths,January 2026,66
11110,Kisumu County,Total Perinatal Deaths,February 2026,62
11111,Kisumu County,Total Perinatal Deaths,March 2026,79
11112,Kisumu County,Total Perinatal Deaths,April 2026,41
11113,Kitui County,Total Perinatal Deaths,May 2025,64
11114,Kitui County,Total Perinatal Deaths,June 2025,49
11115,Kitui County,Total Perinatal Deaths,July 2025,56
11116,Kitui County,Total Perinatal Deaths,August 2025,39
11117,Kitui County,Total Perinatal Deaths,September 2025,53
11118,Kitui County,Total Perinatal Deaths,October 2025,72
11119,Kitui County,Total Perinatal Deaths,November 2025,51
11120,Kitui County,Total Perinatal Deaths,December 2025,50
11121,Kitui County,Total Perinatal Deaths,January 2026,62
11122,Kitui County,Total Perinatal Deaths,February 2026,61
11123,Kitui County,Total Perinatal Deaths,March 2026,68
11124,Kitui County,Total Perinatal Deaths,April 2026,72
11125,Kwale County,Total Perinatal Deaths,May 2025,51
11126,Kwale County,Total Perinatal Deaths,June 2025,54
11127,Kwale County,Total Perinatal Deaths,July 2025,46
11128,Kwale County,Total Perinatal Deaths,August 2025,37
11129,Kwale County,Total Perinatal Deaths,September 2025,44
11130,Kwale County,Total Perinatal Deaths,October 2025,56
11131,Kwale County,Total Perinatal Deaths,November 2025,60
11132,Kwale County,Total Perinatal Deaths,December 2025,71
11133,Kwale County,Total Perinatal Deaths,January 2026,62
11134,Kwale County,Total Perinatal Deaths,February 2026,41
11135,Kwale County,Total Perinatal Deaths,March 2026,82
11136,Kwale County,Total Perinatal Deaths,April 2026,69
11137,Laikipia County,Total Perinatal Deaths,May 2025,78
11138,Laikipia County,Total Perinatal Deaths,June 2025,22
11139,Laikipia County,Total Perinatal Deaths,July 2025,23
11140,Laikipia County,Total Perinatal Deaths,August 2025,32
11141,Laikipia County,Total Perinatal Deaths,September 2025,31
11142,Laikipia County,Total Perinatal Deaths,October 2025,22
11143,Laikipia County,Total Perinatal Deaths,November 2025,30
11144,Laikipia County,Total Perinatal Deaths,December 2025,29
11145,Laikipia County,Total Perinatal Deaths,January 2026,22
11146,Laikipia County,Total Perinatal Deaths,February 2026,23
11147,Laikipia County,Total Perinatal Deaths,March 2026,23
11148,Laikipia County,Total Perinatal Deaths,April 2026,27
11149,Lamu County,Total Perinatal Deaths,May 2025,12
11150,Lamu County,Total Perinatal Deaths,June 2025,7
11151,Lamu County,Total Perinatal Deaths,July 2025,8
11152,Lamu County,Total Perinatal Deaths,August 2025,12
11153,Lamu County,Total Perinatal Deaths,September 2025,9
11154,Lamu County,Total Perinatal Deaths,October 2025,14
11155,Lamu County,Total Perinatal Deaths,November 2025,12
11156,Lamu County,Total Perinatal Deaths,December 2025,9
11157,Lamu County,Total Perinatal Deaths,January 2026,7
11158,Lamu County,Total Perinatal Deaths,February 2026,9
11159,Lamu County,Total Perinatal Deaths,March 2026,8
11160,Lamu County,Total Perinatal Deaths,April 2026,6
11161,Machakos County,Total Perinatal Deaths,May 2025,32
11162,Machakos County,Total Perinatal Deaths,June 2025,35
11163,Machakos County,Total Perinatal Deaths,July 2025,37
11164,Machakos County,Total Perinatal Deaths,August 2025,28
11165,Machakos County,Total Perinatal Deaths,September 2025,27
11166,Machakos County,Total Perinatal Deaths,October 2025,38
11167,Machakos County,Total Perinatal Deaths,November 2025,33
11168,Machakos County,Total Perinatal Deaths,December 2025,34
11169,Machakos County,Total Perinatal Deaths,January 2026,32
11170,Machakos County,Total Perinatal Deaths,February 2026,33
11171,Machakos County,Total Perinatal Deaths,March 2026,34
11172,Machakos County,Total Perinatal Deaths,April 2026,40
11173,Makueni County,Total Perinatal Deaths,May 2025,55
11174,Makueni County,Total Perinatal Deaths,June 2025,35
11175,Makueni County,Total Perinatal Deaths,July 2025,39
11176,Makueni County,Total Perinatal Deaths,August 2025,46
11177,Makueni County,Total Perinatal Deaths,September 2025,30
11178,Makueni County,Total Perinatal Deaths,October 2025,27
11179,Makueni County,Total Perinatal Deaths,November 2025,32
11180,Makueni County,Total Perinatal Deaths,December 2025,26
11181,Makueni County,Total Perinatal Deaths,January 2026,38
11182,Makueni County,Total Perinatal Deaths,February 2026,28
11183,Makueni County,Total Perinatal Deaths,March 2026,40
11184,Makueni County,Total Perinatal Deaths,April 2026,22
11185,Mandera County,Total Perinatal Deaths,May 2025,35
11186,Mandera County,Total Perinatal Deaths,June 2025,16
11187,Mandera County,Total Perinatal Deaths,July 2025,25
11188,Mandera County,Total Perinatal Deaths,August 2025,41
11189,Mandera County,Total Perinatal Deaths,September 2025,39
11190,Mandera County,Total Perinatal Deaths,October 2025,49
11191,Mandera County,Total Perinatal Deaths,November 2025,41
11192,Mandera County,Total Perinatal Deaths,December 2025,42
11193,Mandera County,Total Perinatal Deaths,January 2026,47
11194,Mandera County,Total Perinatal Deaths,February 2026,31
11195,Mandera County,Total Perinatal Deaths,March 2026,47
11196,Mandera County,Total Perinatal Deaths,April 2026,34
11197,Marsabit County,Total Perinatal Deaths,May 2025,20
11198,Marsabit County,Total Perinatal Deaths,June 2025,13
11199,Marsabit County,Total Perinatal Deaths,July 2025,20
11200,Marsabit County,Total Perinatal Deaths,August 2025,19
11201,Marsabit County,Total Perinatal Deaths,September 2025,23
11202,Marsabit County,Total Perinatal Deaths,October 2025,26
11203,Marsabit County,Total Perinatal Deaths,November 2025,11
11204,Marsabit County,Total Perinatal Deaths,December 2025,28
11205,Marsabit County,Total Perinatal Deaths,January 2026,17
11206,Marsabit County,Total Perinatal Deaths,February 2026,12
11207,Marsabit County,Total Perinatal Deaths,March 2026,19
11208,Marsabit County,Total Perinatal Deaths,April 2026,16
11209,Meru County,Total Perinatal Deaths,May 2025,42
11210,Meru County,Total Perinatal Deaths,June 2025,35
11211,Meru County,Total Perinatal Deaths,July 2025,36
11212,Meru County,Total Perinatal Deaths,August 2025,43
11213,Meru County,Total Perinatal Deaths,September 2025,48
11214,Meru County,Total Perinatal Deaths,October 2025,110
11215,Meru County,Total Perinatal Deaths,November 2025,40
11216,Meru County,Total Perinatal Deaths,December 2025,35
11217,Meru County,Total Perinatal Deaths,January 2026,32
11218,Meru County,Total Perinatal Deaths,February 2026,45
11219,Meru County,Total Perinatal Deaths,March 2026,53
11220,Meru County,Total Perinatal Deaths,April 2026,45
11221,Migori County,Total Perinatal Deaths,May 2025,35
11222,Migori County,Total Perinatal Deaths,June 2025,23
11223,Migori County,Total Perinatal Deaths,July 2025,29
11224,Migori County,Total Perinatal Deaths,August 2025,50
11225,Migori County,Total Perinatal Deaths,September 2025,31
11226,Migori County,Total Perinatal Deaths,October 2025,37
11227,Migori County,Total Perinatal Deaths,November 2025,43
11228,Migori County,Total Perinatal Deaths,December 2025,53
11229,Migori County,Total Perinatal Deaths,January 2026,64
11230,Migori County,Total Perinatal Deaths,February 2026,36
11231,Migori County,Total Perinatal Deaths,March 2026,40
11232,Migori County,Total Perinatal Deaths,April 2026,42
11233,Mombasa County,Total Perinatal Deaths,May 2025,95
11234,Mombasa County,Total Perinatal Deaths,June 2025,74
11235,Mombasa County,Total Perinatal Deaths,July 2025,60
11236,Mombasa County,Total Perinatal Deaths,August 2025,71
11237,Mombasa County,Total Perinatal Deaths,September 2025,66
11238,Mombasa County,Total Perinatal Deaths,October 2025,70
11239,Mombasa County,Total Perinatal Deaths,November 2025,82
11240,Mombasa County,Total Perinatal Deaths,December 2025,57
11241,Mombasa County,Total Perinatal Deaths,January 2026,75
11242,Mombasa County,Total Perinatal Deaths,February 2026,68
11243,Mombasa County,Total Perinatal Deaths,March 2026,107
11244,Mombasa County,Total Perinatal Deaths,April 2026,100
11245,Muranga County,Total Perinatal Deaths,May 2025,26
11246,Muranga County,Total Perinatal Deaths,June 2025,25
11247,Muranga County,Total Perinatal Deaths,July 2025,24
11248,Muranga County,Total Perinatal Deaths,August 2025,31
11249,Muranga County,Total Perinatal Deaths,September 2025,35
11250,Muranga County,Total Perinatal Deaths,October 2025,45
11251,Muranga County,Total Perinatal Deaths,November 2025,30
11252,Muranga County,Total Perinatal Deaths,December 2025,29
11253,Muranga County,Total Perinatal Deaths,January 2026,39
11254,Muranga County,Total Perinatal Deaths,February 2026,36
11255,Muranga County,Total Perinatal Deaths,March 2026,32
11256,Muranga County,Total Perinatal Deaths,April 2026,31
11257,Nairobi County,Total Perinatal Deaths,May 2025,275
11258,Nairobi County,Total Perinatal Deaths,June 2025,276
11259,Nairobi County,Total Perinatal Deaths,July 2025,205
11260,Nairobi County,Total Perinatal Deaths,August 2025,209
11261,Nairobi County,Total Perinatal Deaths,September 2025,219
11262,Nairobi County,Total Perinatal Deaths,October 2025,240
11263,Nairobi County,Total Perinatal Deaths,November 2025,236
11264,Nairobi County,Total Perinatal Deaths,December 2025,248
11265,Nairobi County,Total Perinatal Deaths,January 2026,187
11266,Nairobi County,Total Perinatal Deaths,February 2026,246
11267,Nairobi County,Total Perinatal Deaths,March 2026,270
11268,Nairobi County,Total Perinatal Deaths,April 2026,213
11269,Nakuru County,Total Perinatal Deaths,May 2025,115
11270,Nakuru County,Total Perinatal Deaths,June 2025,94
11271,Nakuru County,Total Perinatal Deaths,July 2025,128
11272,Nakuru County,Total Perinatal Deaths,August 2025,137
11273,Nakuru County,Total Perinatal Deaths,September 2025,182
11274,Nakuru County,Total Perinatal Deaths,October 2025,112
11275,Nakuru County,Total Perinatal Deaths,November 2025,115
11276,Nakuru County,Total Perinatal Deaths,December 2025,105
11277,Nakuru County,Total Perinatal Deaths,January 2026,118
11278,Nakuru County,Total Perinatal Deaths,February 2026,117
11279,Nakuru County,Total Perinatal Deaths,March 2026,120
11280,Nakuru County,Total Perinatal Deaths,April 2026,104
11281,Nandi County,Total Perinatal Deaths,May 2025,34
11282,Nandi County,Total Perinatal Deaths,June 2025,37
11283,Nandi County,Total Perinatal Deaths,July 2025,27
11284,Nandi County,Total Perinatal Deaths,August 2025,44
11285,Nandi County,Total Perinatal Deaths,September 2025,35
11286,Nandi County,Total Perinatal Deaths,October 2025,38
11287,Nandi County,Total Perinatal Deaths,November 2025,24
11288,Nandi County,Total Perinatal Deaths,December 2025,37
11289,Nandi County,Total Perinatal Deaths,January 2026,53
11290,Nandi County,Total Perinatal Deaths,February 2026,28
11291,Nandi County,Total Perinatal Deaths,March 2026,29
11292,Nandi County,Total Perinatal Deaths,April 2026,32
11293,Narok County,Total Perinatal Deaths,May 2025,52
11294,Narok County,Total Perinatal Deaths,June 2025,37
11295,Narok County,Total Perinatal Deaths,July 2025,50
11296,Narok County,Total Perinatal Deaths,August 2025,63
11297,Narok County,Total Perinatal Deaths,September 2025,27
11298,Narok County,Total Perinatal Deaths,October 2025,40
11299,Narok County,Total Perinatal Deaths,November 2025,41
11300,Narok County,Total Perinatal Deaths,December 2025,61
11301,Narok County,Total Perinatal Deaths,January 2026,35
11302,Narok County,Total Perinatal Deaths,February 2026,66
11303,Narok County,Total Perinatal Deaths,March 2026,38
11304,Narok County,Total Perinatal Deaths,April 2026,38
11305,Nyamira County,Total Perinatal Deaths,May 2025,7
11306,Nyamira County,Total Perinatal Deaths,June 2025,8
11307,Nyamira County,Total Perinatal Deaths,July 2025,17
11308,Nyamira County,Total Perinatal Deaths,August 2025,13
11309,Nyamira County,Total Perinatal Deaths,September 2025,12
11310,Nyamira County,Total Perinatal Deaths,October 2025,20
11311,Nyamira County,Total Perinatal Deaths,November 2025,6
11312,Nyamira County,Total Perinatal Deaths,December 2025,17
11313,Nyamira County,Total Perinatal Deaths,January 2026,11
11314,Nyamira County,Total Perinatal Deaths,February 2026,17
11315,Nyamira County,Total Perinatal Deaths,March 2026,11
11316,Nyamira County,Total Perinatal Deaths,April 2026,21
11317,Nyandarua County,Total Perinatal Deaths,May 2025,11
11318,Nyandarua County,Total Perinatal Deaths,June 2025,10
11319,Nyandarua County,Total Perinatal Deaths,July 2025,7
11320,Nyandarua County,Total Perinatal Deaths,August 2025,9
11321,Nyandarua County,Total Perinatal Deaths,September 2025,16
11322,Nyandarua County,Total Perinatal Deaths,October 2025,18
11323,Nyandarua County,Total Perinatal Deaths,November 2025,11
11324,Nyandarua County,Total Perinatal Deaths,December 2025,23
11325,Nyandarua County,Total Perinatal Deaths,January 2026,14
11326,Nyandarua County,Total Perinatal Deaths,February 2026,8
11327,Nyandarua County,Total Perinatal Deaths,March 2026,15
11328,Nyandarua County,Total Perinatal Deaths,April 2026,4
11329,Nyeri County,Total Perinatal Deaths,May 2025,19
11330,Nyeri County,Total Perinatal Deaths,June 2025,18
11331,Nyeri County,Total Perinatal Deaths,July 2025,26
11332,Nyeri County,Total Perinatal Deaths,August 2025,21
11333,Nyeri County,Total Perinatal Deaths,September 2025,26
11334,Nyeri County,Total Perinatal Deaths,October 2025,24
11335,Nyeri County,Total Perinatal Deaths,November 2025,25
11336,Nyeri County,Total Perinatal Deaths,December 2025,27
11337,Nyeri County,Total Perinatal Deaths,January 2026,25
11338,Nyeri County,Total Perinatal Deaths,February 2026,31
11339,Nyeri County,Total Perinatal Deaths,March 2026,25
11340,Nyeri County,Total Perinatal Deaths,April 2026,26
11341,Samburu County,Total Perinatal Deaths,May 2025,12
11342,Samburu County,Total Perinatal Deaths,June 2025,15
11343,Samburu County,Total Perinatal Deaths,July 2025,9
11344,Samburu County,Total Perinatal Deaths,August 2025,9
11345,Samburu County,Total Perinatal Deaths,September 2025,11
11346,Samburu County,Total Perinatal Deaths,November 2025,11
11347,Samburu County,Total Perinatal Deaths,December 2025,4
11348,Samburu County,Total Perinatal Deaths,January 2026,9
11349,Samburu County,Total Perinatal Deaths,February 2026,3
11350,Samburu County,Total Perinatal Deaths,March 2026,19
11351,Samburu County,Total Perinatal Deaths,April 2026,13
11352,Siaya County,Total Perinatal Deaths,May 2025,41
11353,Siaya County,Total Perinatal Deaths,June 2025,25
11354,Siaya County,Total Perinatal Deaths,July 2025,35
11355,Siaya County,Total Perinatal Deaths,August 2025,48
11356,Siaya County,Total Perinatal Deaths,September 2025,32
11357,Siaya County,Total Perinatal Deaths,October 2025,25
11358,Siaya County,Total Perinatal Deaths,November 2025,30
11359,Siaya County,Total Perinatal Deaths,December 2025,33
11360,Siaya County,Total Perinatal Deaths,January 2026,42
11361,Siaya County,Total Perinatal Deaths,February 2026,32
11362,Siaya County,Total Perinatal Deaths,March 2026,38
11363,Siaya County,Total Perinatal Deaths,April 2026,38
11364,Taita Taveta County,Total Perinatal Deaths,May 2025,17
11365,Taita Taveta County,Total Perinatal Deaths,June 2025,14
11366,Taita Taveta County,Total Perinatal Deaths,July 2025,18
11367,Taita Taveta County,Total Perinatal Deaths,August 2025,14
11368,Taita Taveta County,Total Perinatal Deaths,September 2025,24
11369,Taita Taveta County,Total Perinatal Deaths,October 2025,13
11370,Taita Taveta County,Total Perinatal Deaths,November 2025,12
11371,Taita Taveta County,Total Perinatal Deaths,December 2025,9
11372,Taita Taveta County,Total Perinatal Deaths,January 2026,10
11373,Taita Taveta County,Total Perinatal Deaths,February 2026,12
11374,Taita Taveta County,Total Perinatal Deaths,March 2026,12
11375,Taita Taveta County,Total Perinatal Deaths,April 2026,16
11376,Tana River County,Total Perinatal Deaths,May 2025,22
11377,Tana River County,Total Perinatal Deaths,June 2025,27
11378,Tana River County,Total Perinatal Deaths,July 2025,28
11379,Tana River County,Total Perinatal Deaths,August 2025,16
11380,Tana River County,Total Perinatal Deaths,September 2025,14
11381,Tana River County,Total Perinatal Deaths,October 2025,17
11382,Tana River County,Total Perinatal Deaths,November 2025,29
11383,Tana River County,Total Perinatal Deaths,December 2025,20
11384,Tana River County,Total Perinatal Deaths,January 2026,16
11385,Tana River County,Total Perinatal Deaths,February 2026,22
11386,Tana River County,Total Perinatal Deaths,March 2026,32
11387,Tana River County,Total Perinatal Deaths,April 2026,12
11388,Tharaka Nithi County,Total Perinatal Deaths,May 2025,14
11389,Tharaka Nithi County,Total Perinatal Deaths,June 2025,10
11390,Tharaka Nithi County,Total Perinatal Deaths,July 2025,10
11391,Tharaka Nithi County,Total Perinatal Deaths,August 2025,8
11392,Tharaka Nithi County,Total Perinatal Deaths,September 2025,12
11393,Tharaka Nithi County,Total Perinatal Deaths,October 2025,13
11394,Tharaka Nithi County,Total Perinatal Deaths,November 2025,11
11395,Tharaka Nithi County,Total Perinatal Deaths,December 2025,12
11396,Tharaka Nithi County,Total Perinatal Deaths,January 2026,18
11397,Tharaka Nithi County,Total Perinatal Deaths,February 2026,16
11398,Tharaka Nithi County,Total Perinatal Deaths,March 2026,11
11399,Tharaka Nithi County,Total Perinatal Deaths,April 2026,11
11400,Trans Nzoia County,Total Perinatal Deaths,May 2025,63
11401,Trans Nzoia County,Total Perinatal Deaths,June 2025,61
11402,Trans Nzoia County,Total Perinatal Deaths,July 2025,86
11403,Trans Nzoia County,Total Perinatal Deaths,August 2025,40
11404,Trans Nzoia County,Total Perinatal Deaths,September 2025,29
11405,Trans Nzoia County,Total Perinatal Deaths,October 2025,44
11406,Trans Nzoia County,Total Perinatal Deaths,November 2025,53
11407,Trans Nzoia County,Total Perinatal Deaths,December 2025,42
11408,Trans Nzoia County,Total Perinatal Deaths,January 2026,57
11409,Trans Nzoia County,Total Perinatal Deaths,February 2026,49
11410,Trans Nzoia County,Total Perinatal Deaths,March 2026,66
11411,Trans Nzoia County,Total Perinatal Deaths,April 2026,73
11412,Turkana County,Total Perinatal Deaths,May 2025,36
11413,Turkana County,Total Perinatal Deaths,June 2025,39
11414,Turkana County,Total Perinatal Deaths,July 2025,24
11415,Turkana County,Total Perinatal Deaths,August 2025,40
11416,Turkana County,Total Perinatal Deaths,September 2025,34
11417,Turkana County,Total Perinatal Deaths,October 2025,31
11418,Turkana County,Total Perinatal Deaths,November 2025,26
11419,Turkana County,Total Perinatal Deaths,December 2025,41
11420,Turkana County,Total Perinatal Deaths,January 2026,33
11421,Turkana County,Total Perinatal Deaths,February 2026,46
11422,Turkana County,Total Perinatal Deaths,March 2026,28
11423,Turkana County,Total Perinatal Deaths,April 2026,56
11424,Uasin Gishu County,Total Perinatal Deaths,May 2025,39
11425,Uasin Gishu County,Total Perinatal Deaths,June 2025,42
11426,Uasin Gishu County,Total Perinatal Deaths,July 2025,46
11427,Uasin Gishu County,Total Perinatal Deaths,August 2025,59
11428,Uasin Gishu County,Total Perinatal Deaths,September 2025,57
11429,Uasin Gishu County,Total Perinatal Deaths,October 2025,50
11430,Uasin Gishu County,Total Perinatal Deaths,November 2025,37
11431,Uasin Gishu County,Total Perinatal Deaths,December 2025,53
11432,Uasin Gishu County,Total Perinatal Deaths,January 2026,66
11433,Uasin Gishu County,Total Perinatal Deaths,February 2026,55
11434,Uasin Gishu County,Total Perinatal Deaths,March 2026,45
11435,Uasin Gishu County,Total Perinatal Deaths,April 2026,53
11436,Vihiga County,Total Perinatal Deaths,May 2025,22
11437,Vihiga County,Total Perinatal Deaths,June 2025,17
11438,Vihiga County,Total Perinatal Deaths,July 2025,19
11439,Vihiga County,Total Perinatal Deaths,August 2025,26
11440,Vihiga County,Total Perinatal Deaths,September 2025,16
11441,Vihiga County,Total Perinatal Deaths,October 2025,19
11442,Vihiga County,Total Perinatal Deaths,November 2025,13
11443,Vihiga County,Total Perinatal Deaths,December 2025,21
11444,Vihiga County,Total Perinatal Deaths,January 2026,26
11445,Vihiga County,Total Perinatal Deaths,February 2026,12
11446,Vihiga County,Total Perinatal Deaths,March 2026,20
11447,Vihiga County,Total Perinatal Deaths,April 2026,32
11448,Wajir County,Total Perinatal Deaths,May 2025,43
11449,Wajir County,Total Perinatal Deaths,June 2025,32
11450,Wajir County,Total Perinatal Deaths,July 2025,32
11451,Wajir County,Total Perinatal Deaths,August 2025,18
11452,Wajir County,Total Perinatal Deaths,September 2025,27
11453,Wajir County,Total Perinatal Deaths,October 2025,28
11454,Wajir County,Total Perinatal Deaths,November 2025,24
11455,Wajir County,Total Perinatal Deaths,December 2025,27
11456,Wajir County,Total Perinatal Deaths,January 2026,30
11457,Wajir County,Total Perinatal Deaths,February 2026,20
11458,Wajir County,Total Perinatal Deaths,March 2026,30
11459,Wajir County,Total Perinatal Deaths,April 2026,33
11460,West Pokot County,Total Perinatal Deaths,May 2025,30
11461,West Pokot County,Total Perinatal Deaths,June 2025,49
11462,West Pokot County,Total Perinatal Deaths,July 2025,44
11463,West Pokot County,Total Perinatal Deaths,August 2025,69
11464,West Pokot County,Total Perinatal Deaths,September 2025,57
11465,West Pokot County,Total Perinatal Deaths,October 2025,57
11466,West Pokot County,Total Perinatal Deaths,November 2025,52
11467,West Pokot County,Total Perinatal Deaths,December 2025,65
11468,West Pokot County,Total Perinatal Deaths,January 2026,62
11469,West Pokot County,Total Perinatal Deaths,February 2026,80
11470,West Pokot County,Total Perinatal Deaths,March 2026,75
11471,West Pokot County,Total Perinatal Deaths,April 2026,70
11472,Migori County,MOH 711 Rev 2020_Maternal deaths 25+ Years,August 2025,1
11473,Trans Nzoia County,MOH 711 Rev 2020_Maternal deaths 25+ Years,March 2026,1
11474,Migori County,MOH 711 Rev 2020_Maternal deaths 25+ Years,September 2025,4
11475,Trans Nzoia County,MOH 711 Rev 2020_Maternal deaths 25+ Years,February 2026,1
11476,Trans Nzoia County,MOH 711 Rev 2020_Maternal deaths 25+ Years,January 2026,1
11477,Migori County,MOH 711 Rev 2020_Maternal deaths 25+ Years,July 2025,3
11478,Trans Nzoia County,MOH 711 Rev 2020_Maternal deaths 25+ Years,April 2026,1
11479,Mombasa County,MOH 711 Rev 2020_Maternal deaths 25+ Years,April 2026,1
11480,Uasin Gishu County,MOH 711 Rev 2020_Maternal deaths 25+ Years,October 2025,2
11481,Mombasa County,MOH 711 Rev 2020_Maternal deaths 25+ Years,March 2026,6
11482,Kericho County,MOH 711 Rev 2020_Maternal deaths 25+ Years,November 2025,1
11483,Kericho County,MOH 711 Rev 2020_Maternal deaths 25+ Years,December 2025,1
11484,Mombasa County,MOH 711 Rev 2020_Maternal deaths 25+ Years,January 2026,3
11485,Kericho County,MOH 711 Rev 2020_Maternal deaths 25+ Years,October 2025,2
11486,Embu County,MOH 711 Rev 2020_Maternal deaths 25+ Years,April 2026,2
11487,Isiolo County,MOH 711 Rev 2020_Maternal deaths 25+ Years,February 2026,1
11488,Tharaka Nithi County,MOH 711 Rev 2020_Maternal deaths 25+ Years,October 2025,1
11489,Isiolo County,MOH 711 Rev 2020_Maternal deaths 25+ Years,April 2026,4
11490,Isiolo County,MOH 711 Rev 2020_Maternal deaths 25+ Years,March 2026,1
11491,Lamu County,MOH 711 Rev 2020_Maternal deaths 25+ Years,December 2025,1
11492,Lamu County,MOH 711 Rev 2020_Maternal deaths 25+ Years,November 2025,1
11493,Meru County,MOH 711 Rev 2020_Maternal deaths 25+ Years,December 2025,2
11494,Nandi County,MOH 711 Rev 2020_Maternal deaths 25+ Years,February 2026,1
11495,Embu County,MOH 711 Rev 2020_Maternal deaths 25+ Years,January 2026,2
11496,Nyandarua County,MOH 711 Rev 2020_Maternal deaths 25+ Years,February 2026,1
11497,Vihiga County,MOH 711 Rev 2020_Maternal deaths 25+ Years,August 2025,1
11498,Embu County,MOH 711 Rev 2020_Maternal deaths 25+ Years,February 2026,2
11499,Vihiga County,MOH 711 Rev 2020_Maternal deaths 25+ Years,July 2025,3
11500,Mandera County,MOH 711 Rev 2020_Maternal deaths 25+ Years,January 2026,2
11501,Vihiga County,MOH 711 Rev 2020_Maternal deaths 25+ Years,June 2025,1
11502,Vihiga County,MOH 711 Rev 2020_Maternal deaths 25+ Years,October 2025,2
11503,Lamu County,MOH 711 Rev 2020_Maternal deaths 25+ Years,June 2025,1
11504,Migori County,MOH 711 Rev 2020_Maternal deaths 25+ Years,November 2025,1
11505,Kericho County,MOH 711 Rev 2020_Maternal deaths 25+ Years,May 2025,2
11506,Migori County,MOH 711 Rev 2020_Maternal deaths 25+ Years,December 2025,8
11507,Kitui County,MOH 711 Rev 2020_Maternal deaths 25+ Years,March 2026,1
11508,Kitui County,MOH 711 Rev 2020_Maternal deaths 25+ Years,April 2026,1
11509,Kitui County,MOH 711 Rev 2020_Maternal deaths 25+ Years,January 2026,2
11510,Kitui County,MOH 711 Rev 2020_Maternal deaths 25+ Years,February 2026,1
11511,Migori County,MOH 711 Rev 2020_Maternal deaths 25+ Years,October 2025,4
11512,Kericho County,MOH 711 Rev 2020_Maternal deaths 25+ Years,August 2025,1
11513,Kericho County,MOH 711 Rev 2020_Maternal deaths 25+ Years,September 2025,1
11514,Tana River County,MOH 711 Rev 2020_Maternal deaths 25+ Years,September 2025,2
11515,Tharaka Nithi County,MOH 711 Rev 2020_Maternal deaths 25+ Years,August 2025,1
11516,Tana River County,MOH 711 Rev 2020_Maternal deaths 25+ Years,June 2025,1
11517,Tana River County,MOH 711 Rev 2020_Maternal deaths 25+ Years,November 2025,3
11518,Tana River County,MOH 711 Rev 2020_Maternal deaths 25+ Years,October 2025,1
11519,Migori County,MOH 711 Rev 2020_Maternal deaths 25+ Years,March 2026,1
11520,Migori County,MOH 711 Rev 2020_Maternal deaths 25+ Years,April 2026,3
11521,Trans Nzoia County,MOH 711 Rev 2020_Maternal deaths 25+ Years,July 2025,2
11522,Baringo County,MOH 711 Rev 2020_Maternal deaths 25+ Years,May 2025,1
11523,Trans Nzoia County,MOH 711 Rev 2020_Maternal deaths 25+ Years,May 2025,1
11524,Migori County,MOH 711 Rev 2020_Maternal deaths 25+ Years,January 2026,1
11525,Migori County,MOH 711 Rev 2020_Maternal deaths 25+ Years,February 2026,1
11526,Embu County,MOH 711 Rev 2020_Maternal deaths 25+ Years,May 2025,1
11527,West Pokot County,MOH 711 Rev 2020_Maternal deaths 25+ Years,February 2026,4
11528,West Pokot County,MOH 711 Rev 2020_Maternal deaths 25+ Years,April 2026,1
11529,Embu County,MOH 711 Rev 2020_Maternal deaths 25+ Years,September 2025,1
11530,West Pokot County,MOH 711 Rev 2020_Maternal deaths 25+ Years,January 2026,3
11531,Kisii County,MOH 711 Rev 2020_Maternal deaths 25+ Years,December 2025,1
11532,Kisii County,MOH 711 Rev 2020_Maternal deaths 25+ Years,October 2025,1
11533,Kitui County,MOH 711 Rev 2020_Maternal deaths 25+ Years,August 2025,1
11534,Kitui County,MOH 711 Rev 2020_Maternal deaths 25+ Years,September 2025,2
11535,Kitui County,MOH 711 Rev 2020_Maternal deaths 25+ Years,June 2025,2
11536,Kitui County,MOH 711 Rev 2020_Maternal deaths 25+ Years,July 2025,1
11537,Lamu County,MOH 711 Rev 2020_Maternal deaths 25+ Years,March 2026,1
11538,Kakamega County,MOH 711 Rev 2020_Maternal deaths 25+ Years,March 2026,2
11539,Siaya County,MOH 711 Rev 2020_Maternal deaths 25+ Years,March 2026,1
11540,Kakamega County,MOH 711 Rev 2020_Maternal deaths 25+ Years,February 2026,2
11541,Kitui County,MOH 711 Rev 2020_Maternal deaths 25+ Years,May 2025,2
11542,Kakamega County,MOH 711 Rev 2020_Maternal deaths 25+ Years,April 2026,2
11543,Siaya County,MOH 711 Rev 2020_Maternal deaths 25+ Years,February 2026,1
11544,Uasin Gishu County,MOH 711 Rev 2020_Maternal deaths 25+ Years,May 2025,2
11545,Uasin Gishu County,MOH 711 Rev 2020_Maternal deaths 25+ Years,June 2025,2
11546,Uasin Gishu County,MOH 711 Rev 2020_Maternal deaths 25+ Years,August 2025,2
11547,Tharaka Nithi County,MOH 711 Rev 2020_Maternal deaths 25+ Years,March 2026,1
11548,Tharaka Nithi County,MOH 711 Rev 2020_Maternal deaths 25+ Years,February 2026,1
11549,Tharaka Nithi County,MOH 711 Rev 2020_Maternal deaths 25+ Years,April 2026,2
11550,Baringo County,MOH 711 Rev 2020_Maternal deaths 25+ Years,February 2026,2
11551,Garissa County,MOH 711 Rev 2020_Maternal deaths 25+ Years,May 2025,1
11552,Baringo County,MOH 711 Rev 2020_Maternal deaths 25+ Years,March 2026,1
11553,Baringo County,MOH 711 Rev 2020_Maternal deaths 25+ Years,April 2026,2
11554,Garissa County,MOH 711 Rev 2020_Maternal deaths 25+ Years,July 2025,3
11555,Narok County,MOH 711 Rev 2020_Maternal deaths 25+ Years,March 2026,1
11556,Garissa County,MOH 711 Rev 2020_Maternal deaths 25+ Years,June 2025,2
11557,Narok County,MOH 711 Rev 2020_Maternal deaths 25+ Years,April 2026,1
11558,Kitui County,MOH 711 Rev 2020_Maternal deaths 25+ Years,December 2025,2
11559,Baringo County,MOH 711 Rev 2020_Maternal deaths 25+ Years,January 2026,1
11560,Kitui County,MOH 711 Rev 2020_Maternal deaths 25+ Years,October 2025,1
11561,Marsabit County,MOH 711 Rev 2020_Maternal deaths 25+ Years,March 2026,1
11562,Muranga County,MOH 711 Rev 2020_Maternal deaths 25+ Years,February 2026,1
11563,West Pokot County,MOH 711 Rev 2020_Maternal deaths 25+ Years,June 2025,1
11564,Homa Bay County,MOH 711 Rev 2020_Maternal deaths 25+ Years,May 2025,1
11565,Marsabit County,MOH 711 Rev 2020_Maternal deaths 25+ Years,February 2026,1
11566,Marsabit County,MOH 711 Rev 2020_Maternal deaths 25+ Years,January 2026,1
11567,Garissa County,MOH 711 Rev 2020_Maternal deaths 25+ Years,September 2025,2
11568,Garissa County,MOH 711 Rev 2020_Maternal deaths 25+ Years,August 2025,3
11569,Nakuru County,MOH 711 Rev 2020_Maternal deaths 25+ Years,December 2025,3
11570,Nakuru County,MOH 711 Rev 2020_Maternal deaths 25+ Years,November 2025,5
11571,Nakuru County,MOH 711 Rev 2020_Maternal deaths 25+ Years,October 2025,3
11572,West Pokot County,MOH 711 Rev 2020_Maternal deaths 25+ Years,September 2025,3
11573,Laikipia County,MOH 711 Rev 2020_Maternal deaths 25+ Years,April 2026,1
11574,Machakos County,MOH 711 Rev 2020_Maternal deaths 25+ Years,October 2025,2
11575,Nyeri County,MOH 711 Rev 2020_Maternal deaths 25+ Years,December 2025,2
11576,Machakos County,MOH 711 Rev 2020_Maternal deaths 25+ Years,November 2025,1
11577,Machakos County,MOH 711 Rev 2020_Maternal deaths 25+ Years,December 2025,1
11578,Nyeri County,MOH 711 Rev 2020_Maternal deaths 25+ Years,November 2025,1
11579,Busia County,MOH 711 Rev 2020_Maternal deaths 25+ Years,November 2025,1
11580,Busia County,MOH 711 Rev 2020_Maternal deaths 25+ Years,December 2025,1
11581,Busia County,MOH 711 Rev 2020_Maternal deaths 25+ Years,October 2025,2
11582,Mombasa County,MOH 711 Rev 2020_Maternal deaths 25+ Years,December 2025,4
11583,Mombasa County,MOH 711 Rev 2020_Maternal deaths 25+ Years,November 2025,1
11584,Uasin Gishu County,MOH 711 Rev 2020_Maternal deaths 25+ Years,April 2026,2
11585,Mandera County,MOH 711 Rev 2020_Maternal deaths 25+ Years,October 2025,1
11586,West Pokot County,MOH 711 Rev 2020_Maternal deaths 25+ Years,November 2025,2
11587,Uasin Gishu County,MOH 711 Rev 2020_Maternal deaths 25+ Years,January 2026,4
11588,Homa Bay County,MOH 711 Rev 2020_Maternal deaths 25+ Years,November 2025,2
11589,Uasin Gishu County,MOH 711 Rev 2020_Maternal deaths 25+ Years,February 2026,1
11590,Homa Bay County,MOH 711 Rev 2020_Maternal deaths 25+ Years,December 2025,3
11591,West Pokot County,MOH 711 Rev 2020_Maternal deaths 25+ Years,December 2025,1
11592,Machakos County,MOH 711 Rev 2020_Maternal deaths 25+ Years,July 2025,3
11593,Machakos County,MOH 711 Rev 2020_Maternal deaths 25+ Years,August 2025,2
11594,Embu County,MOH 711 Rev 2020_Maternal deaths 25+ Years,October 2025,3
11595,Machakos County,MOH 711 Rev 2020_Maternal deaths 25+ Years,May 2025,1
11596,Embu County,MOH 711 Rev 2020_Maternal deaths 25+ Years,November 2025,2
11597,Machakos County,MOH 711 Rev 2020_Maternal deaths 25+ Years,June 2025,2
11598,Kiambu County,MOH 711 Rev 2020_Maternal deaths 25+ Years,February 2026,1
11599,Mandera County,MOH 711 Rev 2020_Maternal deaths 25+ Years,December 2025,5
11600,Kiambu County,MOH 711 Rev 2020_Maternal deaths 25+ Years,January 2026,1
11601,Nyeri County,MOH 711 Rev 2020_Maternal deaths 25+ Years,June 2025,1
11602,Machakos County,MOH 711 Rev 2020_Maternal deaths 25+ Years,September 2025,2
11603,Nyeri County,MOH 711 Rev 2020_Maternal deaths 25+ Years,July 2025,1
11604,Nyeri County,MOH 711 Rev 2020_Maternal deaths 25+ Years,August 2025,1
11605,Nyeri County,MOH 711 Rev 2020_Maternal deaths 25+ Years,February 2026,1
11606,Makueni County,MOH 711 Rev 2020_Maternal deaths 25+ Years,October 2025,2
11607,Mandera County,MOH 711 Rev 2020_Maternal deaths 25+ Years,September 2025,2
11608,Laikipia County,MOH 711 Rev 2020_Maternal deaths 25+ Years,December 2025,1
11609,Makueni County,MOH 711 Rev 2020_Maternal deaths 25+ Years,December 2025,2
11610,Laikipia County,MOH 711 Rev 2020_Maternal deaths 25+ Years,October 2025,2
11611,Mombasa County,MOH 711 Rev 2020_Maternal deaths 25+ Years,September 2025,1
11612,Laikipia County,MOH 711 Rev 2020_Maternal deaths 25+ Years,November 2025,1
11613,Mombasa County,MOH 711 Rev 2020_Maternal deaths 25+ Years,August 2025,2
11614,Mombasa County,MOH 711 Rev 2020_Maternal deaths 25+ Years,July 2025,4
11615,Mombasa County,MOH 711 Rev 2020_Maternal deaths 25+ Years,June 2025,4
11616,Mombasa County,MOH 711 Rev 2020_Maternal deaths 25+ Years,May 2025,3
11617,Marsabit County,MOH 711 Rev 2020_Maternal deaths 25+ Years,September 2025,2
11618,Marsabit County,MOH 711 Rev 2020_Maternal deaths 25+ Years,August 2025,1
11619,Kiambu County,MOH 711 Rev 2020_Maternal deaths 25+ Years,October 2025,2
11620,Mombasa County,MOH 711 Rev 2020_Maternal deaths 25+ Years,October 2025,2
11621,Homa Bay County,MOH 711 Rev 2020_Maternal deaths 25+ Years,March 2026,2
11622,Kiambu County,MOH 711 Rev 2020_Maternal deaths 25+ Years,December 2025,1
11623,Homa Bay County,MOH 711 Rev 2020_Maternal deaths 25+ Years,April 2026,1
11624,Kiambu County,MOH 711 Rev 2020_Maternal deaths 25+ Years,November 2025,2
11625,Homa Bay County,MOH 711 Rev 2020_Maternal deaths 25+ Years,January 2026,1
11626,Homa Bay County,MOH 711 Rev 2020_Maternal deaths 25+ Years,February 2026,1
11627,Mandera County,MOH 711 Rev 2020_Maternal deaths 25+ Years,May 2025,1
11628,Laikipia County,MOH 711 Rev 2020_Maternal deaths 25+ Years,May 2025,1
11629,Garissa County,MOH 711 Rev 2020_Maternal deaths 25+ Years,November 2025,4
11630,Laikipia County,MOH 711 Rev 2020_Maternal deaths 25+ Years,June 2025,1
11631,Makueni County,MOH 711 Rev 2020_Maternal deaths 25+ Years,May 2025,2
11632,Kericho County,MOH 711 Rev 2020_Maternal deaths 25+ Years,April 2026,1
11633,Kericho County,MOH 711 Rev 2020_Maternal deaths 25+ Years,February 2026,2
11634,Makueni County,MOH 711 Rev 2020_Maternal deaths 25+ Years,August 2025,3
11635,Garissa County,MOH 711 Rev 2020_Maternal deaths 25+ Years,October 2025,2
11636,Marsabit County,MOH 711 Rev 2020_Maternal deaths 25+ Years,December 2025,1
11637,Kiambu County,MOH 711 Rev 2020_Maternal deaths 25+ Years,July 2025,2
11638,Kiambu County,MOH 711 Rev 2020_Maternal deaths 25+ Years,June 2025,3
11639,Kiambu County,MOH 711 Rev 2020_Maternal deaths 25+ Years,September 2025,3
11640,Kiambu County,MOH 711 Rev 2020_Maternal deaths 25+ Years,August 2025,3
11641,Laikipia County,MOH 711 Rev 2020_Maternal deaths 25+ Years,September 2025,1
11642,Nyeri County,MOH 711 Rev 2020_Maternal deaths 25+ Years,April 2026,1
11643,Kiambu County,MOH 711 Rev 2020_Maternal deaths 25+ Years,May 2025,2
11644,Laikipia County,MOH 711 Rev 2020_Maternal deaths 25+ Years,August 2025,1
11645,Bomet County,MOH 711 Rev 2020_Maternal deaths 25+ Years,May 2025,1
11646,Wajir County,MOH 711 Rev 2020_Maternal deaths 25+ Years,September 2025,2
11647,Bomet County,MOH 711 Rev 2020_Maternal deaths 25+ Years,June 2025,2
11648,Wajir County,MOH 711 Rev 2020_Maternal deaths 25+ Years,August 2025,1
11649,Bomet County,MOH 711 Rev 2020_Maternal deaths 25+ Years,July 2025,1
11650,Bomet County,MOH 711 Rev 2020_Maternal deaths 25+ Years,August 2025,1
11651,Wajir County,MOH 711 Rev 2020_Maternal deaths 25+ Years,May 2025,1
11652,Bungoma County,MOH 711 Rev 2020_Maternal deaths 25+ Years,April 2026,1
11653,Kwale County,MOH 711 Rev 2020_Maternal deaths 25+ Years,July 2025,1
11654,Kwale County,MOH 711 Rev 2020_Maternal deaths 25+ Years,June 2025,3
11655,Kajiado County,MOH 711 Rev 2020_Maternal deaths 25+ Years,June 2025,1
11656,Kwale County,MOH 711 Rev 2020_Maternal deaths 25+ Years,May 2025,2
11657,Kajiado County,MOH 711 Rev 2020_Maternal deaths 25+ Years,May 2025,2
11658,Kilifi County,MOH 711 Rev 2020_Maternal deaths 25+ Years,June 2025,3
11659,Busia County,MOH 711 Rev 2020_Maternal deaths 25+ Years,March 2026,1
11660,Kajiado County,MOH 711 Rev 2020_Maternal deaths 25+ Years,August 2025,1
11661,Kilifi County,MOH 711 Rev 2020_Maternal deaths 25+ Years,May 2025,3
11662,Bungoma County,MOH 711 Rev 2020_Maternal deaths 25+ Years,January 2026,5
11663,Busia County,MOH 711 Rev 2020_Maternal deaths 25+ Years,April 2026,2
11664,Samburu County,MOH 711 Rev 2020_Maternal deaths 25+ Years,January 2026,3
11665,Bungoma County,MOH 711 Rev 2020_Maternal deaths 25+ Years,February 2026,1
11666,Bungoma County,MOH 711 Rev 2020_Maternal deaths 25+ Years,March 2026,7
11667,Kajiado County,MOH 711 Rev 2020_Maternal deaths 25+ Years,September 2025,4
11668,Kwale County,MOH 711 Rev 2020_Maternal deaths 25+ Years,September 2025,1
11669,Kwale County,MOH 711 Rev 2020_Maternal deaths 25+ Years,August 2025,2
11670,Kisumu County,MOH 711 Rev 2020_Maternal deaths 25+ Years,October 2025,2
11671,Kisumu County,MOH 711 Rev 2020_Maternal deaths 25+ Years,November 2025,1
11672,Kisumu County,MOH 711 Rev 2020_Maternal deaths 25+ Years,December 2025,3
11673,Kilifi County,MOH 711 Rev 2020_Maternal deaths 25+ Years,December 2025,6
11674,Kwale County,MOH 711 Rev 2020_Maternal deaths 25+ Years,October 2025,2
11675,Kilifi County,MOH 711 Rev 2020_Maternal deaths 25+ Years,November 2025,9
11676,Kilifi County,MOH 711 Rev 2020_Maternal deaths 25+ Years,October 2025,3
11677,Makueni County,MOH 711 Rev 2020_Maternal deaths 25+ Years,April 2026,1
11678,Nakuru County,MOH 711 Rev 2020_Maternal deaths 25+ Years,April 2026,1
11679,Wajir County,MOH 711 Rev 2020_Maternal deaths 25+ Years,December 2025,1
11680,Muranga County,MOH 711 Rev 2020_Maternal deaths 25+ Years,October 2025,3
11681,Wajir County,MOH 711 Rev 2020_Maternal deaths 25+ Years,November 2025,1
11682,Muranga County,MOH 711 Rev 2020_Maternal deaths 25+ Years,November 2025,1
11683,Wajir County,MOH 711 Rev 2020_Maternal deaths 25+ Years,October 2025,2
11684,Muranga County,MOH 711 Rev 2020_Maternal deaths 25+ Years,December 2025,3
11685,Kwale County,MOH 711 Rev 2020_Maternal deaths 25+ Years,December 2025,2
11686,Muranga County,MOH 711 Rev 2020_Maternal deaths 25+ Years,June 2025,3
11687,Muranga County,MOH 711 Rev 2020_Maternal deaths 25+ Years,July 2025,3
11688,Muranga County,MOH 711 Rev 2020_Maternal deaths 25+ Years,August 2025,3
11689,Muranga County,MOH 711 Rev 2020_Maternal deaths 25+ Years,September 2025,1
11690,Kirinyaga County,MOH 711 Rev 2020_Maternal deaths 25+ Years,February 2026,2
11691,Nakuru County,MOH 711 Rev 2020_Maternal deaths 25+ Years,February 2026,1
11692,Nakuru County,MOH 711 Rev 2020_Maternal deaths 25+ Years,January 2026,5
11693,Kirinyaga County,MOH 711 Rev 2020_Maternal deaths 25+ Years,March 2026,1
11694,Busia County,MOH 711 Rev 2020_Maternal deaths 25+ Years,August 2025,1
11695,Busia County,MOH 711 Rev 2020_Maternal deaths 25+ Years,September 2025,3
11696,Busia County,MOH 711 Rev 2020_Maternal deaths 25+ Years,June 2025,2
11697,Busia County,MOH 711 Rev 2020_Maternal deaths 25+ Years,July 2025,1
11698,Garissa County,MOH 711 Rev 2020_Maternal deaths 25+ Years,January 2026,2
11699,Taita Taveta County,MOH 711 Rev 2020_Maternal deaths 25+ Years,July 2025,2
11700,Garissa County,MOH 711 Rev 2020_Maternal deaths 25+ Years,April 2026,1
11701,Machakos County,MOH 711 Rev 2020_Maternal deaths 25+ Years,February 2026,1
11702,Garissa County,MOH 711 Rev 2020_Maternal deaths 25+ Years,March 2026,2
11703,Machakos County,MOH 711 Rev 2020_Maternal deaths 25+ Years,March 2026,1
11704,Bungoma County,MOH 711 Rev 2020_Maternal deaths 25+ Years,May 2025,2
11705,Kajiado County,MOH 711 Rev 2020_Maternal deaths 25+ Years,March 2026,2
11706,Bungoma County,MOH 711 Rev 2020_Maternal deaths 25+ Years,June 2025,3
11707,Kajiado County,MOH 711 Rev 2020_Maternal deaths 25+ Years,February 2026,5
11708,Bungoma County,MOH 711 Rev 2020_Maternal deaths 25+ Years,July 2025,2
11709,Kwale County,MOH 711 Rev 2020_Maternal deaths 25+ Years,April 2026,3
11710,Narok County,MOH 711 Rev 2020_Maternal deaths 25+ Years,August 2025,3
11711,Bungoma County,MOH 711 Rev 2020_Maternal deaths 25+ Years,August 2025,3
11712,Kajiado County,MOH 711 Rev 2020_Maternal deaths 25+ Years,April 2026,2
11713,Kwale County,MOH 711 Rev 2020_Maternal deaths 25+ Years,March 2026,1
11714,Kilifi County,MOH 711 Rev 2020_Maternal deaths 25+ Years,April 2026,4
11715,Kwale County,MOH 711 Rev 2020_Maternal deaths 25+ Years,February 2026,2
11716,Kilifi County,MOH 711 Rev 2020_Maternal deaths 25+ Years,March 2026,1
11717,Kilifi County,MOH 711 Rev 2020_Maternal deaths 25+ Years,February 2026,4
11718,Kilifi County,MOH 711 Rev 2020_Maternal deaths 25+ Years,January 2026,7
11719,Elgeyo Marakwet County,MOH 711 Rev 2020_Maternal deaths 25+ Years,July 2025,1
11720,Bungoma County,MOH 711 Rev 2020_Maternal deaths 25+ Years,September 2025,1
11721,Narok County,MOH 711 Rev 2020_Maternal deaths 25+ Years,October 2025,3
11722,Bungoma County,MOH 711 Rev 2020_Maternal deaths 25+ Years,October 2025,3
11723,Narok County,MOH 711 Rev 2020_Maternal deaths 25+ Years,November 2025,1
11724,Bungoma County,MOH 711 Rev 2020_Maternal deaths 25+ Years,November 2025,1
11725,Narok County,MOH 711 Rev 2020_Maternal deaths 25+ Years,December 2025,1
11726,Nakuru County,MOH 711 Rev 2020_Maternal deaths 25+ Years,September 2025,4
11727,Nakuru County,MOH 711 Rev 2020_Maternal deaths 25+ Years,August 2025,2
11728,Nakuru County,MOH 711 Rev 2020_Maternal deaths 25+ Years,July 2025,5
11729,Nakuru County,MOH 711 Rev 2020_Maternal deaths 25+ Years,June 2025,3
11730,Nakuru County,MOH 711 Rev 2020_Maternal deaths 25+ Years,May 2025,3
11731,Turkana County,MOH 711 Rev 2020_Maternal deaths 25+ Years,February 2026,1
11732,Turkana County,MOH 711 Rev 2020_Maternal deaths 25+ Years,April 2026,5
11733,Bomet County,MOH 711 Rev 2020_Maternal deaths 25+ Years,October 2025,1
11734,Turkana County,MOH 711 Rev 2020_Maternal deaths 25+ Years,March 2026,2
11735,Bungoma County,MOH 711 Rev 2020_Maternal deaths 25+ Years,December 2025,2
11736,Kisumu County,MOH 711 Rev 2020_Maternal deaths 25+ Years,July 2025,1
11737,Kisumu County,MOH 711 Rev 2020_Maternal deaths 25+ Years,August 2025,2
11738,Nyamira County,MOH 711 Rev 2020_Maternal deaths 25+ Years,December 2025,1
11739,Machakos County,MOH 711 Rev 2020_Maternal deaths 25+ Years,April 2026,3
11740,Kisumu County,MOH 711 Rev 2020_Maternal deaths 25+ Years,May 2025,3
11741,Kisumu County,MOH 711 Rev 2020_Maternal deaths 25+ Years,June 2025,3
11742,Kakamega County,MOH 711 Rev 2020_Maternal deaths 25+ Years,November 2025,3
11743,Kakamega County,MOH 711 Rev 2020_Maternal deaths 25+ Years,October 2025,1
11744,Siaya County,MOH 711 Rev 2020_Maternal deaths 25+ Years,December 2025,2
11745,Kakamega County,MOH 711 Rev 2020_Maternal deaths 25+ Years,December 2025,5
11746,Nairobi County,MOH 711 Rev 2020_Maternal deaths 25+ Years,February 2026,10
11747,Nairobi County,MOH 711 Rev 2020_Maternal deaths 25+ Years,January 2026,15
11748,Elgeyo Marakwet County,MOH 711 Rev 2020_Maternal deaths 25+ Years,April 2026,19
11749,Nyamira County,MOH 711 Rev 2020_Maternal deaths 25+ Years,August 2025,1
11750,Nairobi County,MOH 711 Rev 2020_Maternal deaths 25+ Years,April 2026,15
11751,Nairobi County,MOH 711 Rev 2020_Maternal deaths 25+ Years,March 2026,10
11752,Nyamira County,MOH 711 Rev 2020_Maternal deaths 25+ Years,May 2025,1
11753,Trans Nzoia County,MOH 711 Rev 2020_Maternal deaths 25+ Years,December 2025,1
11754,Turkana County,MOH 711 Rev 2020_Maternal deaths 25+ Years,June 2025,2
11755,Turkana County,MOH 711 Rev 2020_Maternal deaths 25+ Years,September 2025,1
11756,Turkana County,MOH 711 Rev 2020_Maternal deaths 25+ Years,August 2025,2
11757,Kakamega County,MOH 711 Rev 2020_Maternal deaths 25+ Years,August 2025,2
11758,Siaya County,MOH 711 Rev 2020_Maternal deaths 25+ Years,August 2025,2
11759,Kakamega County,MOH 711 Rev 2020_Maternal deaths 25+ Years,July 2025,6
11760,Siaya County,MOH 711 Rev 2020_Maternal deaths 25+ Years,September 2025,2
11761,Kakamega County,MOH 711 Rev 2020_Maternal deaths 25+ Years,September 2025,1
11762,Siaya County,MOH 711 Rev 2020_Maternal deaths 25+ Years,July 2025,1
11763,Trans Nzoia County,MOH 711 Rev 2020_Maternal deaths 25+ Years,November 2025,1
11764,Siaya County,MOH 711 Rev 2020_Maternal deaths 25+ Years,May 2025,2
11765,Kakamega County,MOH 711 Rev 2020_Maternal deaths 25+ Years,June 2025,3
11766,Kisii County,MOH 711 Rev 2020_Maternal deaths 25+ Years,September 2025,3
11767,Kisii County,MOH 711 Rev 2020_Maternal deaths 25+ Years,June 2025,1
11768,Kisii County,MOH 711 Rev 2020_Maternal deaths 25+ Years,May 2025,1
11769,Kisii County,MOH 711 Rev 2020_Maternal deaths 25+ Years,August 2025,2
11770,Kisii County,MOH 711 Rev 2020_Maternal deaths 25+ Years,July 2025,1
11771,Meru County,MOH 711 Rev 2020_Maternal deaths 25+ Years,March 2026,1
11772,Meru County,MOH 711 Rev 2020_Maternal deaths 25+ Years,February 2026,4
11773,Kisumu County,MOH 711 Rev 2020_Maternal deaths 25+ Years,January 2026,4
11774,Meru County,MOH 711 Rev 2020_Maternal deaths 25+ Years,April 2026,1
11775,Isiolo County,MOH 711 Rev 2020_Maternal deaths 25+ Years,October 2025,1
11776,Kisumu County,MOH 711 Rev 2020_Maternal deaths 25+ Years,February 2026,3
11777,Kisumu County,MOH 711 Rev 2020_Maternal deaths 25+ Years,March 2026,2
11778,Isiolo County,MOH 711 Rev 2020_Maternal deaths 25+ Years,December 2025,1
11779,Kisumu County,MOH 711 Rev 2020_Maternal deaths 25+ Years,April 2026,3
11780,Nyandarua County,MOH 711 Rev 2020_Maternal deaths 25+ Years,December 2025,2
11781,Vihiga County,MOH 711 Rev 2020_Maternal deaths 25+ Years,April 2026,1
11782,Vihiga County,MOH 711 Rev 2020_Maternal deaths 25+ Years,March 2026,1
11783,Vihiga County,MOH 711 Rev 2020_Maternal deaths 25+ Years,February 2026,1
11784,Vihiga County,MOH 711 Rev 2020_Maternal deaths 25+ Years,January 2026,3
11785,Wajir County,MOH 711 Rev 2020_Maternal deaths 25+ Years,April 2026,2
11786,Wajir County,MOH 711 Rev 2020_Maternal deaths 25+ Years,February 2026,1
11787,Turkana County,MOH 711 Rev 2020_Maternal deaths 25+ Years,October 2025,1
11788,Bomet County,MOH 711 Rev 2020_Maternal deaths 25+ Years,January 2026,3
11789,Turkana County,MOH 711 Rev 2020_Maternal deaths 25+ Years,December 2025,2
11790,Bomet County,MOH 711 Rev 2020_Maternal deaths 25+ Years,February 2026,3
11791,Isiolo County,MOH 711 Rev 2020_Maternal deaths 25+ Years,May 2025,1
11792,Nairobi County,MOH 711 Rev 2020_Maternal deaths 25+ Years,July 2025,8
11793,Nairobi County,MOH 711 Rev 2020_Maternal deaths 25+ Years,June 2025,12
11794,Nyandarua County,MOH 711 Rev 2020_Maternal deaths 25+ Years,July 2025,1
11795,Nyamira County,MOH 711 Rev 2020_Maternal deaths 25+ Years,January 2026,1
11796,Nairobi County,MOH 711 Rev 2020_Maternal deaths 25+ Years,May 2025,17
11797,Nandi County,MOH 711 Rev 2020_Maternal deaths 25+ Years,August 2025,2
11798,Nandi County,MOH 711 Rev 2020_Maternal deaths 25+ Years,September 2025,2
11799,Nairobi County,MOH 711 Rev 2020_Maternal deaths 25+ Years,September 2025,12
11800,Nandi County,MOH 711 Rev 2020_Maternal deaths 25+ Years,June 2025,1
11801,Nairobi County,MOH 711 Rev 2020_Maternal deaths 25+ Years,August 2025,13
11802,Nandi County,MOH 711 Rev 2020_Maternal deaths 25+ Years,July 2025,2
11803,Nairobi County,MOH 711 Rev 2020_Maternal deaths 25+ Years,October 2025,11
11804,Nairobi County,MOH 711 Rev 2020_Maternal deaths 25+ Years,December 2025,5
11805,Nairobi County,MOH 711 Rev 2020_Maternal deaths 25+ Years,November 2025,5
11806,Kirinyaga County,MOH 711 Rev 2020_Maternal deaths 25+ Years,August 2025,1
11807,Nandi County,MOH 711 Rev 2020_Maternal deaths 25+ Years,November 2025,1
11808,Kisii County,MOH 711 Rev 2020_Maternal deaths 25+ Years,January 2026,1
11809,Kisii County,MOH 711 Rev 2020_Maternal deaths 25+ Years,March 2026,1
11810,Meru County,MOH 711 Rev 2020_Maternal deaths 25+ Years,June 2025,2
11811,Kisii County,MOH 711 Rev 2020_Maternal deaths 25+ Years,February 2026,1
11812,Meru County,MOH 711 Rev 2020_Maternal deaths 25+ Years,August 2025,1
11813,Kirinyaga County,MOH 711 Rev 2020_Maternal deaths 25+ Years,June 2025,1
11814,Tana River County,MOH 711 Rev 2020_Maternal deaths 25+ Years,March 2026,1
11815,Kirinyaga County,MOH 711 Rev 2020_Maternal deaths 25+ Years,May 2025,2
11816,Tana River County,MOH 711 Rev 2020_Maternal deaths 25+ Years,February 2026,1
11817,Meru County,MOH 711 Rev 2020_Maternal deaths 25+ Years,September 2025,1
